date,adjclose
2010-06-01,80.5804214477539
2010-06-02,82.6786880493164
2010-06-03,82.96341705322266
2010-06-04,80.04833984375
2010-06-07,79.05168151855469
2010-06-08,79.89846801757812
2010-06-09,79.47134399414062
2010-06-10,81.79438781738281
2010-06-11,82.19155883789062
2010-06-14,82.0641860961914
2010-06-15,83.93011474609375
2010-06-16,83.9001235961914
2010-06-17,84.0350112915039
2010-06-18,84.12616729736328
2010-06-21,83.88520050048828
2010-06-22,82.49980163574219
2010-06-23,82.24381256103516
2010-06-24,80.8809585571289
2010-06-25,81.21978759765625
2010-06-28,80.96382904052734
2010-06-29,78.46398162841797
2010-06-30,77.71858215332031
2010-07-01,77.37226867675781
2010-07-02,76.95059204101562
2010-07-06,77.45508575439453
2010-07-07,79.89456939697266
2010-07-08,80.68519592285156
2010-07-09,81.28751373291016
2010-07-12,81.3402328491211
2010-07-13,82.56754302978516
2010-07-14,82.56000518798828
2010-07-15,82.58259582519531
2010-07-16,80.30868530273438
2010-07-19,80.78306579589844
2010-07-20,81.67906951904297
2010-07-21,80.617431640625
2010-07-22,82.41694641113281
2010-07-23,83.13224029541016
2010-07-26,83.99812316894531
2010-07-27,83.99058532714844
2010-07-28,83.4484634399414
2010-07-29,83.04191589355469
2010-07-30,83.02685546875
2010-08-02,84.90165710449219
2010-08-03,84.49510192871094
2010-08-04,85.05980682373047
2010-08-05,84.96943664550781
2010-08-06,84.62307739257812
2010-08-09,85.07484436035156
2010-08-10,84.61553192138672
2010-08-11,82.29649353027344
2010-08-12,81.7920150756836
2010-08-13,81.55107116699219
2010-08-16,81.51343536376953
2010-08-17,82.51483917236328
2010-08-18,82.6654281616211
2010-08-19,81.2273178100586
2010-08-20,80.96382904052734
2010-08-23,80.65507507324219
2010-08-24,79.45791625976562
2010-08-25,79.76660919189453
2010-08-26,79.23198699951172
2010-08-27,80.45929718017578
2010-08-30,79.2922134399414
2010-08-31,79.2922134399414
2010-09-01,81.66397857666016
2010-09-02,82.42446899414062
2010-09-03,83.49368286132812
2010-09-07,82.55248260498047
2010-09-08,83.13224029541016
2010-09-09,83.5162582397461
2010-09-10,83.93790435791016
2010-09-13,84.87155151367188
2010-09-14,84.81884765625
2010-09-15,85.142578125
2010-09-16,85.12000274658203
2010-09-17,85.15177917480469
2010-09-20,86.45378875732422
2010-09-21,86.2796859741211
2010-09-22,85.85580444335938
2010-09-23,85.15936279296875
2010-09-24,86.91555786132812
2010-09-27,86.49919891357422
2010-09-28,86.80201721191406
2010-09-29,86.65061950683594
2010-09-30,86.39324951171875
2010-10-01,86.7565689086914
2010-10-04,86.1056137084961
2010-10-05,87.83907318115234
2010-10-06,87.83149719238281
2010-10-07,87.72551727294922
2010-10-08,88.21754455566406
2010-10-11,88.30077362060547
2010-10-12,88.5733413696289
2010-10-13,89.26216125488281
2010-10-14,88.91395568847656
2010-10-15,89.09564208984375
2010-10-18,89.53465270996094
2010-10-19,88.36138916015625
2010-10-20,89.22430419921875
2010-10-21,89.42113494873047
2010-10-22,89.58766174316406
2010-10-25,89.85260009765625
2010-10-26,89.86772918701172
2010-10-27,89.61036682128906
2010-10-28,89.6255111694336
2010-10-29,89.69365692138672
2010-11-01,89.7238998413086
2010-11-02,90.4354476928711
2010-11-03,90.798828125
2010-11-04,92.54743194580078
2010-11-05,92.89564514160156
2010-11-08,92.72151947021484
2010-11-09,92.05537414550781
2010-11-10,92.42630004882812
2010-11-11,92.07810974121094
2010-11-12,90.98807525634766
2010-11-15,90.85936737060547
2010-11-16,89.44383239746094
2010-11-17,89.48925018310547
2010-11-18,90.80638122558594
2010-11-19,91.05616760253906
2010-11-22,90.98048400878906
2010-11-23,89.66336822509766
2010-11-24,90.98807525634766
2010-11-26,89.92830657958984
2010-11-29,90.20082092285156
2010-11-30,89.69365692138672
2010-12-01,91.60120391845703
2010-12-02,92.77450561523438
2010-12-03,93.02432250976562
2010-12-06,92.92589569091797
2010-12-07,92.97886657714844
2010-12-08,93.31952667236328
2010-12-09,93.68287658691406
2010-12-10,94.2278823852539
2010-12-13,94.2884750366211
2010-12-14,94.3717041015625
2010-12-15,93.94024658203125
2010-12-16,94.48527526855469
2010-12-17,94.58648681640625
2010-12-20,94.81477355957031
2010-12-21,95.41592407226562
2010-12-22,95.71269226074219
2010-12-23,95.57569885253906
2010-12-27,95.61375427246094
2010-12-28,95.75074768066406
2010-12-29,95.8192367553711
2010-12-30,95.66704559326172
2010-12-31,95.68984985351562
2011-01-03,96.67911529541016
2011-01-04,96.62582397460938
2011-01-05,97.12805938720703
2011-01-06,96.93783569335938
2011-01-07,96.74759674072266
2011-01-10,96.62582397460938
2011-01-11,96.96826934814453
2011-01-12,97.84336853027344
2011-01-13,97.68356323242188
2011-01-14,98.3912353515625
2011-01-18,98.55863952636719
2011-01-19,97.59222412109375
2011-01-20,97.46288299560547
2011-01-21,97.68356323242188
2011-01-24,98.23908233642578
2011-01-25,98.29230499267578
2011-01-26,98.67280578613281
2011-01-27,98.91630554199219
2011-01-28,97.18892669677734
2011-01-31,97.91946411132812
2011-02-01,99.48700714111328
2011-02-02,99.29679107666016
2011-02-03,99.51744079589844
2011-02-04,99.79900360107422
2011-02-07,100.4229965209961
2011-02-08,100.87959289550781
2011-02-09,100.65130615234375
2011-02-10,100.68930053710938
2011-02-11,101.29048156738281
2011-02-14,101.53395080566406
2011-02-15,101.21435546875
2011-02-16,101.85359954833984
2011-02-17,102.157958984375
2011-02-18,102.37100982666016
2011-02-22,100.31647491455078
2011-02-23,99.70008087158203
2011-02-24,99.63160705566406
2011-02-25,100.6969223022461
2011-02-28,101.3209228515625
2011-03-01,99.63160705566406
2011-03-02,99.84464263916016
2011-03-03,101.56442260742188
2011-03-04,100.80347442626953
2011-03-07,100.01207733154297
2011-03-08,100.8871841430664
2011-03-09,100.7425765991211
2011-03-10,98.8782730102539
2011-03-11,99.56312561035156
2011-03-14,98.96196746826172
2011-03-15,97.82813262939453
2011-03-16,96.0170669555664
2011-03-17,97.2878646850586
2011-03-18,97.6417236328125
2011-03-21,99.1549301147461
2011-03-22,98.8110122680664
2011-03-23,99.09381103515625
2011-03-24,100.04150390625
2011-03-25,100.3471908569336
2011-03-28,100.10262298583984
2011-03-29,100.77519226074219
2011-03-30,101.47066497802734
2011-03-31,101.33307647705078
2011-04-01,101.76107788085938
2011-04-04,101.84515380859375
2011-04-05,101.8298568725586
2011-04-06,102.15084838867188
2011-04-07,101.89098358154297
2011-04-08,101.53945922851562
2011-04-11,101.2337417602539
2011-04-12,100.47712707519531
2011-04-13,100.46949768066406
2011-04-14,100.54591369628906
2011-04-15,100.91275024414062
2011-04-18,99.78165435791016
2011-04-19,100.35484313964844
2011-04-20,101.72286987304688
2011-04-21,102.24254608154297
2011-04-25,102.13558959960938
2011-04-26,103.0144271850586
2011-04-27,103.68700408935547
2011-04-28,104.02326965332031
2011-04-29,104.26785278320312
2011-05-02,104.10733032226562
2011-05-03,103.73284912109375
2011-05-04,103.04502868652344
2011-05-05,102.1126480102539
2011-05-06,102.56353759765625
2011-05-09,102.9609375
2011-05-10,103.83988189697266
2011-05-11,102.74699401855469
2011-05-12,103.23611450195312
2011-05-13,102.44123077392578
2011-05-16,101.7916259765625
2011-05-17,101.7763442993164
2011-05-18,102.68582916259766
2011-05-19,102.9303970336914
2011-05-20,102.1126480102539
2011-05-23,100.92801666259766
2011-05-24,100.84394073486328
2011-05-25,101.18022155761719
2011-05-26,101.64646911621094
2011-05-27,102.03620147705078
2011-05-31,103.0985336303711
2011-06-01,100.78282165527344
2011-06-02,100.67583465576172
2011-06-03,99.67462921142578
2011-06-06,98.61993408203125
2011-06-07,98.55883026123047
2011-06-08,98.14612579345703
2011-06-09,98.89508819580078
2011-06-10,97.51946258544922
2011-06-13,97.59588623046875
2011-06-14,98.83395385742188
2011-06-15,97.076171875
2011-06-16,97.29014587402344
2011-06-17,97.58052825927734
2011-06-20,98.07972717285156
2011-06-21,99.4238052368164
2011-06-22,98.82471466064453
2011-06-23,98.54055786132812
2011-06-24,97.39615631103516
2011-06-27,98.2640380859375
2011-06-28,99.54669189453125
2011-06-29,100.39920806884766
2011-06-30,101.35929107666016
2011-07-01,102.85696411132812
2011-07-05,102.7724838256836
2011-07-06,102.8953857421875
2011-07-07,103.96294403076172
2011-07-08,103.22562408447266
2011-07-11,101.35929107666016
2011-07-12,100.92149353027344
2011-07-13,101.25944519042969
2011-07-14,100.56051635742188
2011-07-15,101.14423370361328
2011-07-18,100.31475830078125
2011-07-19,101.94298553466797
2011-07-20,101.88151550292969
2011-07-21,103.29474639892578
2011-07-22,103.36385345458984
2011-07-25,102.7878189086914
2011-07-26,102.40381622314453
2011-07-27,100.30705261230469
2011-07-28,100.01519775390625
2011-07-29,99.3316421508789
2011-08-01,98.90921020507812
2011-08-02,96.38232421875
2011-08-03,96.90461730957031
2011-08-04,92.36542510986328
2011-08-05,92.22718811035156
2011-08-08,86.22103881835938
2011-08-09,90.2302474975586
2011-08-10,86.24407958984375
2011-08-11,90.11506652832031
2011-08-12,90.7218246459961
2011-08-15,92.64192199707031
2011-08-16,91.85084533691406
2011-08-17,91.91226196289062
2011-08-18,87.94916534423828
2011-08-19,86.5129165649414
2011-08-22,86.58202362060547
2011-08-23,89.43152618408203
2011-08-24,90.69107055664062
2011-08-25,89.30857849121094
2011-08-26,90.6065902709961
2011-08-29,93.21027374267578
2011-08-30,93.45609283447266
2011-08-31,93.87080383300781
2011-09-01,92.8876953125
2011-09-02,90.51441192626953
2011-09-06,89.85391235351562
2011-09-07,92.38848876953125
2011-09-08,91.42839813232422
2011-09-09,89.03211975097656
2011-09-12,89.608154296875
2011-09-13,90.429931640625
2011-09-14,91.681884765625
2011-09-15,93.26405334472656
2011-09-16,93.81605529785156
2011-09-19,92.88190460205078
2011-09-20,92.77383422851562
2011-09-21,90.04086303710938
2011-09-22,87.13035583496094
2011-09-23,87.65531158447266
2011-09-26,89.73981475830078
2011-09-27,90.74341583251953
2011-09-28,88.89054870605469
2011-09-29,89.59308624267578
2011-09-30,87.35419464111328
2011-10-03,84.86832427978516
2011-10-04,86.72888946533203
2011-10-05,88.3346939086914
2011-10-06,89.93279266357422
2011-10-07,89.33059692382812
2011-10-10,92.31835174560547
2011-10-11,92.41096496582031
2011-10-12,93.22158813476562
2011-10-13,93.03632354736328
2011-10-14,94.62664794921875
2011-10-17,92.82015228271484
2011-10-18,94.63438415527344
2011-10-19,93.51495361328125
2011-10-20,93.92414093017578
2011-10-21,95.70747375488281
2011-10-24,96.88095092773438
2011-10-25,94.99725341796875
2011-10-26,95.96226501464844
2011-10-27,99.30513000488281
2011-10-28,99.28196716308594
2011-10-31,96.88868713378906
2011-11-01,94.18661499023438
2011-11-02,95.72296905517578
2011-11-03,97.46768951416016
2011-11-04,96.87322998046875
2011-11-07,97.47545623779297
2011-11-08,98.72608947753906
2011-11-09,95.08216094970703
2011-11-10,95.97772216796875
2011-11-11,97.78424835205078
2011-11-14,96.8577880859375
2011-11-15,97.33646392822266
2011-11-16,95.79239654541016
2011-11-17,94.27151489257812
2011-11-18,94.17119598388672
2011-11-21,92.38008117675781
2011-11-22,92.01725006103516
2011-11-23,89.98682403564453
2011-11-25,89.81697845458984
2011-11-28,92.41867065429688
2011-11-29,92.68119049072266
2011-11-30,96.49493408203125
2011-12-01,96.47954559326172
2011-12-02,96.39457702636719
2011-12-05,97.44454193115234
2011-12-06,97.47545623779297
2011-12-07,97.83827209472656
2011-12-08,95.69204711914062
2011-12-09,97.31326293945312
2011-12-12,95.89278411865234
2011-12-13,94.99725341796875
2011-12-14,93.98590850830078
2011-12-15,94.32556915283203
2011-12-16,94.46544647216797
2011-12-19,93.45540618896484
2011-12-20,96.28340911865234
2011-12-21,96.4698486328125
2011-12-22,97.3244857788086
2011-12-23,98.19461059570312
2011-12-27,98.2723159790039
2011-12-28,96.9826431274414
2011-12-29,97.98487091064453
2011-12-30,97.50316619873047
2012-01-03,99.05702209472656
2012-01-04,99.21237182617188
2012-01-05,99.47653198242188
2012-01-06,99.22014617919922
2012-01-09,99.4610366821289
2012-01-10,100.3233642578125
2012-01-11,100.37776184082031
2012-01-12,100.61860656738281
2012-01-13,100.09807586669922
2012-01-17,100.48655700683594
2012-01-18,101.59754943847656
2012-01-19,102.13359832763672
2012-01-20,102.51431274414062
2012-01-23,102.2501449584961
2012-01-24,102.13359832763672
2012-01-25,102.98821258544922
2012-01-26,102.4599380493164
2012-01-27,102.413330078125
2012-01-30,102.06365966796875
2012-01-31,102.02481842041016
2012-02-01,102.9183120727539
2012-02-02,103.0814437866211
2012-02-03,104.52650451660156
2012-02-06,104.45661163330078
2012-02-07,104.72073364257812
2012-02-08,105.031494140625
2012-02-09,105.16358947753906
2012-02-10,104.38665008544922
2012-02-13,105.16358947753906
2012-02-14,105.031494140625
2012-02-15,104.54207611083984
2012-02-16,105.69967651367188
2012-02-17,105.97933959960938
2012-02-21,106.02595520019531
2012-02-22,105.68413543701172
2012-02-23,106.15026092529297
2012-02-24,106.38334655761719
2012-02-27,106.56205749511719
2012-02-28,106.87274932861328
2012-02-29,106.4532699584961
2012-03-01,107.00489044189453
2012-03-02,106.67859649658203
2012-03-05,106.2435302734375
2012-03-06,104.68966674804688
2012-03-07,105.41998291015625
2012-03-08,106.46881103515625
2012-03-09,106.88057708740234
2012-03-12,106.88836669921875
2012-03-13,108.81510162353516
2012-03-14,108.69857025146484
2012-03-15,109.32787322998047
2012-03-16,109.47925567626953
2012-03-19,109.908447265625
2012-03-20,109.58848571777344
2012-03-21,109.40901184082031
2012-03-22,108.62088012695312
2012-03-23,108.97201538085938
2012-03-26,110.5014419555664
2012-03-27,110.15809631347656
2012-03-28,109.61192321777344
2012-03-29,109.42464447021484
2012-03-30,109.8772201538086
2012-04-02,110.68094635009766
2012-04-03,110.22837829589844
2012-04-04,109.13593292236328
2012-04-05,109.08125305175781
2012-04-09,107.85620880126953
2012-04-10,106.04583740234375
2012-04-11,106.90413665771484
2012-04-12,108.30095672607422
2012-04-13,107.01339721679688
2012-04-16,106.94320678710938
2012-04-17,108.52726745605469
2012-04-18,108.1604995727539
2012-04-19,107.46605682373047
2012-04-20,107.64549255371094
2012-04-23,106.74030303955078
2012-04-24,107.14608001708984
2012-04-25,108.61309814453125
2012-04-26,109.36995697021484
2012-04-27,109.54950714111328
2012-04-30,109.14373016357422
2012-05-01,109.82256317138672
2012-05-02,109.49488830566406
2012-05-03,108.659912109375
2012-05-04,106.90413665771484
2012-05-07,106.98221588134766
2012-05-08,106.55303955078125
2012-05-09,105.92100524902344
2012-05-10,106.13946533203125
2012-05-11,105.81951141357422
2012-05-14,104.6490478515625
2012-05-15,104.0481948852539
2012-05-16,103.6502456665039
2012-05-17,102.11300659179688
2012-05-18,101.2390365600586
2012-05-21,102.97914123535156
2012-05-22,103.15863800048828
2012-05-23,103.2132797241211
2012-05-24,103.4161376953125
2012-05-25,103.0805892944336
2012-05-29,104.3291015625
2012-05-30,102.8152847290039
2012-05-31,102.58901977539062
2012-06-01,100.0061264038086
2012-06-04,99.95933532714844
2012-06-05,100.71623229980469
2012-06-06,102.97914123535156
2012-06-07,103.04158020019531
2012-06-08,103.86092376708984
2012-06-11,102.54217529296875
2012-06-12,103.7204360961914
2012-06-13,103.0572280883789
2012-06-14,104.14967346191406
2012-06-15,105.21480560302734
2012-06-18,105.41875457763672
2012-06-19,106.43840789794922
2012-06-20,106.265869140625
2012-06-21,103.88141632080078
2012-06-22,104.68142700195312
2012-06-25,103.00289916992188
2012-06-26,103.52059936523438
2012-06-27,104.45399475097656
2012-06-28,104.15592193603516
2012-06-29,106.75215911865234
2012-07-02,107.07373809814453
2012-07-03,107.77967834472656
2012-07-05,107.29338073730469
2012-07-06,106.27371215820312
2012-07-09,106.14039611816406
2012-07-10,105.21480560302734
2012-07-11,105.2304916381836
2012-07-12,104.72066497802734
2012-07-13,106.4776382446289
2012-07-16,106.22664642333984
2012-07-17,106.95610046386719
2012-07-18,107.74830627441406
2012-07-19,108.03067779541016
2012-07-20,107.04239654541016
2012-07-23,105.95997619628906
2012-07-24,105.05010223388672
2012-07-25,105.07366943359375
2012-07-26,106.80703735351562
2012-07-27,108.77579498291016
2012-07-30,108.77579498291016
2012-07-31,108.0150146484375
2012-08-01,107.92088317871094
2012-08-02,107.1757583618164
2012-08-03,109.30134582519531
2012-08-06,109.51313781738281
2012-08-07,110.06219482421875
2012-08-08,110.19548797607422
2012-08-09,110.2896499633789
2012-08-10,110.47006225585938
2012-08-13,110.41517639160156
2012-08-14,110.43083190917969
2012-08-15,110.55633544921875
2012-08-16,111.37212371826172
2012-08-17,111.52112579345703
2012-08-20,111.5289306640625
2012-08-21,111.19168090820312
2012-08-22,111.23872375488281
2012-08-23,110.32888793945312
2012-08-24,110.99556732177734
2012-08-27,111.01912689208984
2012-08-28,110.90930938720703
2012-08-29,110.99556732177734
2012-08-30,110.19548797607422
2012-08-31,110.7210464477539
2012-09-04,110.61905670166016
2012-09-05,110.52497100830078
2012-09-06,112.76825714111328
2012-09-07,113.2074966430664
2012-09-10,112.5643310546875
2012-09-11,112.87805938720703
2012-09-12,113.25454711914062
2012-09-13,114.98015594482422
2012-09-14,115.4900131225586
2012-09-17,115.09780883789062
2012-09-18,115.00370025634766
2012-09-19,115.06647491455078
2012-09-20,115.07428741455078
2012-09-21,115.02616882324219
2012-09-24,114.85271453857422
2012-09-25,113.63046264648438
2012-09-26,112.9917221069336
2012-09-27,114.0562744140625
2012-09-28,113.5279769897461
2012-10-01,113.82757568359375
2012-10-02,113.94583129882812
2012-10-03,114.41114044189453
2012-10-04,115.23120880126953
2012-10-05,115.2391128540039
2012-10-08,114.84481811523438
2012-10-09,113.70927429199219
2012-10-10,112.98383331298828
2012-10-11,113.04694366455078
2012-10-12,112.67630004882812
2012-10-15,113.61468505859375
2012-10-16,114.76599884033203
2012-10-17,115.28642272949219
2012-10-18,114.98677062988281
2012-10-19,113.07060241699219
2012-10-22,113.08637237548828
2012-10-23,111.51712799072266
2012-10-24,111.20171356201172
2012-10-25,111.52500915527344
2012-10-26,111.46195983886719
2012-10-31,111.46195983886719
2012-11-01,112.62899780273438
2012-11-02,111.62752532958984
2012-11-05,111.85621643066406
2012-11-06,112.73152923583984
2012-11-07,110.1766128540039
2012-11-08,108.8518295288086
2012-11-09,108.94645690917969
2012-11-12,109.03317260742188
2012-11-13,108.65471649169922
2012-11-14,107.1880111694336
2012-11-15,107.00660705566406
2012-11-16,107.53495025634766
2012-11-19,109.71134948730469
2012-11-20,109.75865936279297
2012-11-21,109.96367645263672
2012-11-23,111.46195983886719
2012-11-26,111.22533416748047
2012-11-27,110.65760040283203
2012-11-28,111.54869842529297
2012-11-29,112.06909942626953
2012-11-30,112.0927734375
2012-12-03,111.54078674316406
2012-12-04,111.38308715820312
2012-12-05,111.5802230834961
2012-12-06,111.95869445800781
2012-12-07,112.29779052734375
2012-12-10,112.34515380859375
2012-12-11,113.11003112792969
2012-12-12,113.16519927978516
2012-12-13,112.47125244140625
2012-12-14,112.0533676147461
2012-12-17,113.37022399902344
2012-12-18,114.63186645507812
2012-12-19,113.78028869628906
2012-12-20,114.43476867675781
2012-12-21,113.39603424072266
2012-12-24,113.04662322998047
2012-12-26,112.57009887695312
2012-12-27,112.41924285888672
2012-12-28,111.20416259765625
2012-12-31,113.09425354003906
2013-01-02,115.99287414550781
2013-01-03,115.73080444335938
2013-01-04,116.23905181884766
2013-01-07,115.92139434814453
2013-01-08,115.58787536621094
2013-01-09,115.88172149658203
2013-01-10,116.80293273925781
2013-01-11,116.79496765136719
2013-01-14,116.71556091308594
2013-01-15,116.79496765136719
2013-01-16,116.77909088134766
2013-01-17,117.53350830078125
2013-01-18,117.79559326171875
2013-01-22,118.4309310913086
2013-01-23,118.62151336669922
2013-01-24,118.65328979492188
2013-01-25,119.32032775878906
2013-01-28,119.17745971679688
2013-01-29,119.64598083496094
2013-01-30,119.17745971679688
2013-01-31,118.88360595703125
2013-02-01,120.1065902709961
2013-02-04,118.7564926147461
2013-02-05,119.9557113647461
2013-02-06,120.04301452636719
2013-02-07,119.88423919677734
2013-02-08,120.55128479003906
2013-02-11,120.52745056152344
2013-02-12,120.72599029541016
2013-02-13,120.82923889160156
2013-02-14,120.94036102294922
2013-02-15,120.79747772216797
2013-02-19,121.70279693603516
2013-02-20,120.1859359741211
2013-02-21,119.45536804199219
2013-02-22,120.62272644042969
2013-02-25,118.32769012451172
2013-02-26,119.13770294189453
2013-02-27,120.6386489868164
2013-02-28,120.4004135131836
2013-03-01,120.79747772216797
2013-03-04,121.44072723388672
2013-03-05,122.52871704101562
2013-03-06,122.69541931152344
2013-03-07,122.9178695678711
2013-03-08,123.44197845458984
2013-03-11,123.91046142578125
2013-03-12,123.63258361816406
2013-03-13,123.80731964111328
2013-03-14,124.46642303466797
2013-03-15,124.3021011352539
2013-03-18,123.61607360839844
2013-03-19,123.32896423339844
2013-03-20,124.19044494628906
2013-03-21,123.12945556640625
2013-03-22,124.11863708496094
2013-03-25,123.60022735595703
2013-03-26,124.58922576904297
2013-03-27,124.58922576904297
2013-03-28,124.97216033935547
2013-04-01,124.47758483886719
2013-04-02,125.09180450439453
2013-04-03,123.82347869873047
2013-04-04,124.3260498046875
2013-04-05,123.7676773071289
2013-04-08,124.60518646240234
2013-04-09,125.03594970703125
2013-04-10,126.56746673583984
2013-04-11,126.98230743408203
2013-04-12,126.67120361328125
2013-04-15,123.73575592041016
2013-04-16,125.56246185302734
2013-04-17,123.7277603149414
2013-04-18,122.95403289794922
2013-04-19,124.02294158935547
2013-04-22,124.57331085205078
2013-04-23,125.85759735107422
2013-04-24,125.9373779296875
2013-04-25,126.44781494140625
2013-04-26,126.22450256347656
2013-04-29,127.07003784179688
2013-04-30,127.37316131591797
2013-05-01,126.2564468383789
2013-05-02,127.42900848388672
2013-05-03,128.72119140625
2013-05-06,129.04823303222656
2013-05-07,129.70236206054688
2013-05-08,130.2926483154297
2013-05-09,129.9257354736328
2013-05-10,130.34848022460938
2013-05-13,130.45217895507812
2013-05-14,131.80027770996094
2013-05-15,132.5102081298828
2013-05-16,131.88796997070312
2013-05-17,133.16424560546875
2013-05-20,133.15631103515625
2013-05-21,133.3477783203125
2013-05-22,132.35858154296875
2013-05-23,131.9757080078125
2013-05-24,131.86412048339844
2013-05-28,132.65379333496094
2013-05-29,131.79232788085938
2013-05-30,132.2788848876953
2013-05-31,130.38035583496094
2013-06-03,131.09832763671875
2013-06-04,130.46815490722656
2013-06-05,128.64151000976562
2013-06-06,129.80606079101562
2013-06-07,131.45730590820312
2013-06-10,131.45730590820312
2013-06-11,130.10121154785156
2013-06-12,129.0242919921875
2013-06-13,130.9866943359375
2013-06-14,130.1650390625
2013-06-17,131.1701202392578
2013-06-18,132.2071075439453
2013-06-19,130.38035583496094
2013-06-20,127.14983367919922
2013-06-21,127.5579833984375
2013-06-24,125.9461669921875
2013-06-25,127.15708923339844
2013-06-26,128.41604614257812
2013-06-27,129.16981506347656
2013-06-28,128.64056396484375
2013-07-01,129.39434814453125
2013-07-02,129.2740478515625
2013-07-03,129.33016967773438
2013-07-05,130.7255096435547
2013-07-08,131.4712371826172
2013-07-09,132.41744995117188
2013-07-10,132.4656219482422
2013-07-11,134.2698211669922
2013-07-12,134.3259735107422
2013-07-15,134.8392333984375
2013-07-16,134.33399963378906
2013-07-17,134.6788330078125
2013-07-18,135.4165496826172
2013-07-19,135.65713500976562
2013-07-22,135.92181396484375
2013-07-23,135.63307189941406
2013-07-24,135.13589477539062
2013-07-25,135.46470642089844
2013-07-26,135.60902404785156
2013-07-29,135.19198608398438
2013-07-30,135.19198608398438
2013-07-31,135.28823852539062
2013-08-01,136.85195922851562
2013-08-02,137.0845184326172
2013-08-05,136.884033203125
2013-08-06,136.10618591308594
2013-08-07,135.66514587402344
2013-08-08,136.16233825683594
2013-08-09,135.7694091796875
2013-08-12,135.60902404785156
2013-08-13,136.00997924804688
2013-08-14,135.31234741210938
2013-08-15,133.4198760986328
2013-08-16,132.9788055419922
2013-08-19,132.12881469726562
2013-08-20,132.77828979492188
2013-08-21,131.9604034423828
2013-08-22,133.16326904296875
2013-08-23,133.61231994628906
2013-08-26,133.1151580810547
2013-08-27,130.9740447998047
2013-08-28,131.43914794921875
2013-08-29,131.64767456054688
2013-08-30,131.23065185546875
2013-09-03,131.8240203857422
2013-09-04,132.9146270751953
2013-09-05,133.08306884765625
2013-09-06,133.1472625732422
2013-09-09,134.42225646972656
2013-09-10,135.4165496826172
2013-09-11,135.84158325195312
2013-09-12,135.480712890625
2013-09-13,135.78546142578125
2013-09-16,136.57135009765625
2013-09-17,137.1807098388672
2013-09-18,138.76849365234375
2013-09-19,138.53594970703125
2013-09-20,137.5673828125
2013-09-23,136.9308319091797
2013-09-24,136.6084747314453
2013-09-25,136.2135772705078
2013-09-26,136.73741149902344
2013-09-27,136.10890197753906
2013-09-30,135.38365173339844
2013-10-01,136.45533752441406
2013-10-02,136.326416015625
2013-10-03,135.06936645507812
2013-10-04,136.09275817871094
2013-10-07,134.916259765625
2013-10-08,133.34495544433594
2013-10-09,133.44166564941406
2013-10-10,136.31838989257812
2013-10-11,137.1967010498047
2013-10-14,137.74464416503906
2013-10-15,136.74549865722656
2013-10-16,138.65516662597656
2013-10-17,139.58189392089844
2013-10-18,140.5247039794922
2013-10-21,140.53280639648438
2013-10-22,141.3466339111328
2013-10-23,140.66978454589844
2013-10-24,141.13711547851562
2013-10-25,141.78175354003906
2013-10-28,142.00738525390625
2013-10-29,142.76490783691406
2013-10-30,142.05572509765625
2013-10-31,141.6528778076172
2013-11-01,141.99130249023438
2013-11-04,142.49078369140625
2013-11-05,142.0396270751953
2013-11-06,142.76490783691406
2013-11-07,140.9598846435547
2013-11-08,142.8614959716797
2013-11-11,142.8857421875
2013-11-12,142.5956268310547
2013-11-13,143.73989868164062
2013-11-14,144.45704650878906
2013-11-15,145.0854949951172
2013-11-18,144.57794189453125
2013-11-19,144.2636260986328
2013-11-20,143.81246948242188
2013-11-21,144.9727783203125
2013-11-22,145.69796752929688
2013-11-25,145.55294799804688
2013-11-26,145.59320068359375
2013-11-27,145.9478302001953
2013-11-29,145.85104370117188
2013-12-02,145.4723358154297
2013-12-03,144.8438262939453
2013-12-04,144.82774353027344
2013-12-05,144.19110107421875
2013-12-06,145.80279541015625
2013-12-09,146.17340087890625
2013-12-10,145.64962768554688
2013-12-11,144.0138702392578
2013-12-12,143.53843688964844
2013-12-13,143.52230834960938
2013-12-16,144.41676330566406
2013-12-17,143.95745849609375
2013-12-18,146.41510009765625
2013-12-19,146.24591064453125
2013-12-20,147.0966339111328
2013-12-23,147.8825225830078
2013-12-24,148.20655822753906
2013-12-26,148.9600372314453
2013-12-27,148.951904296875
2013-12-30,148.92762756347656
2013-12-31,149.63246154785156
2014-01-02,148.19847106933594
2014-01-03,148.1741943359375
2014-01-06,147.74481201171875
2014-01-07,148.65216064453125
2014-01-08,148.6846160888672
2014-01-09,148.78179931640625
2014-01-10,149.1868896484375
2014-01-13,147.2019500732422
2014-01-14,148.8061065673828
2014-01-15,149.6082000732422
2014-01-16,149.41368103027344
2014-01-17,148.78179931640625
2014-01-21,149.2193145751953
2014-01-22,149.3166046142578
2014-01-23,148.09317016601562
2014-01-24,144.93344116210938
2014-01-27,144.220458984375
2014-01-28,145.07923889160156
2014-01-29,143.68572998046875
2014-01-30,145.2088623046875
2014-01-31,144.35816955566406
2014-02-03,141.1094207763672
2014-02-04,142.09780883789062
2014-02-05,141.91952514648438
2014-02-06,143.79104614257812
2014-02-07,145.5735321044922
2014-02-10,145.8408203125
2014-02-11,147.43687438964844
2014-02-12,147.50982666015625
2014-02-13,148.27137756347656
2014-02-14,149.08969116210938
2014-02-18,149.2678985595703
2014-02-19,148.27947998046875
2014-02-20,149.1544647216797
2014-02-21,148.9843292236328
2014-02-24,149.8107147216797
2014-02-25,149.75401306152344
2014-02-26,149.7621307373047
2014-02-27,150.5480194091797
2014-02-28,150.92877197265625
2014-03-03,149.867431640625
2014-03-04,151.97389221191406
2014-03-05,152.1116485595703
2014-03-06,152.4600067138672
2014-03-07,152.52481079101562
2014-03-10,152.44378662109375
2014-03-11,151.6903533935547
2014-03-12,151.73086547851562
2014-03-13,150.029541015625
2014-03-14,149.6082000732422
2014-03-17,150.96119689941406
2014-03-18,152.03872680664062
2014-03-19,151.2285614013672
2014-03-20,152.1116485595703
2014-03-21,151.52166748046875
2014-03-24,150.8950958251953
2014-03-25,151.6111297607422
2014-03-26,150.52076721191406
2014-03-27,150.20338439941406
2014-03-28,150.94390869140625
2014-03-31,152.18075561523438
2014-04-01,153.1898651123047
2014-04-02,153.7025604248047
2014-04-03,153.4990997314453
2014-04-04,151.68438720703125
2014-04-07,150.0081024169922
2014-04-08,150.6265411376953
2014-04-09,152.2458953857422
2014-04-10,149.04782104492188
2014-04-11,147.70513916015625
2014-04-14,148.86883544921875
2014-04-15,149.89418029785156
2014-04-16,151.46470642089844
2014-04-17,151.67625427246094
2014-04-21,152.20521545410156
2014-04-22,152.8968963623047
2014-04-23,152.53884887695312
2014-04-24,152.84808349609375
2014-04-25,151.59487915039062
2014-04-28,152.07505798339844
2014-04-29,152.78297424316406
2014-04-30,153.23875427246094
2014-05-01,153.2549591064453
2014-05-02,153.03521728515625
2014-05-05,153.3282012939453
2014-05-06,151.9936981201172
2014-05-07,152.8887939453125
2014-05-08,152.7260284423828
2014-05-09,152.95388793945312
2014-05-12,154.44309997558594
2014-05-13,154.58140563964844
2014-05-14,153.8490447998047
2014-05-15,152.4981231689453
2014-05-16,153.02711486816406
2014-05-19,153.58860778808594
2014-05-20,152.6202392578125
2014-05-21,153.906005859375
2014-05-22,154.28033447265625
2014-05-23,154.8987579345703
2014-05-27,155.850830078125
2014-05-28,155.7369384765625
2014-05-29,156.5425567626953
2014-05-30,156.79483032226562
2014-06-02,156.973876953125
2014-06-03,156.8925018310547
2014-06-04,157.20985412597656
2014-06-05,158.2351531982422
2014-06-06,158.99195861816406
2014-06-09,159.15469360351562
2014-06-10,159.1709747314453
2014-06-11,158.6176300048828
2014-06-12,157.49468994140625
2014-06-13,157.97470092773438
2014-06-16,158.1049346923828
2014-06-17,158.54441833496094
2014-06-18,159.7080841064453
2014-06-19,159.88714599609375
2014-06-20,160.21173095703125
2014-06-23,160.1626739501953
2014-06-24,159.19778442382812
2014-06-25,159.9173126220703
2014-06-26,159.8029022216797
2014-06-27,160.11363220214844
2014-06-30,160.0317840576172
2014-07-01,161.10299682617188
2014-07-02,161.26649475097656
2014-07-03,162.0596466064453
2014-07-07,161.4954071044922
2014-07-08,160.45697021484375
2014-07-09,161.1765899658203
2014-07-10,160.53875732421875
2014-07-11,160.75955200195312
2014-07-14,161.56898498535156
2014-07-15,161.26649475097656
2014-07-16,161.86334228515625
2014-07-17,160.02366638183594
2014-07-18,161.658935546875
2014-07-21,161.35647583007812
2014-07-22,162.0596466064453
2014-07-23,162.41943359375
2014-07-24,162.4275360107422
2014-07-25,161.66709899902344
2014-07-28,161.7325439453125
2014-07-29,161.0375213623047
2014-07-30,161.06202697753906
2014-07-31,157.88137817382812
2014-08-01,157.39894104003906
2014-08-04,158.53553771972656
2014-08-05,156.9983367919922
2014-08-06,157.0474090576172
2014-08-07,156.19705200195312
2014-08-08,158.00404357910156
2014-08-11,158.46192932128906
2014-08-12,158.2411346435547
2014-08-13,159.312255859375
2014-08-14,160.06454467773438
2014-08-15,160.0317840576172
2014-08-18,161.37278747558594
2014-08-19,162.2149200439453
2014-08-20,162.64834594726562
2014-08-21,163.12257385253906
2014-08-22,162.86911010742188
2014-08-25,163.69491577148438
2014-08-26,163.80123901367188
2014-08-27,163.73583984375
2014-08-28,163.64585876464844
2014-08-29,164.11192321777344
2014-09-02,164.0301513671875
2014-09-03,163.94021606445312
2014-09-04,163.703125
2014-09-05,164.43898010253906
2014-09-08,164.01382446289062
2014-09-09,162.9753875732422
2014-09-10,163.5886688232422
2014-09-11,163.77671813964844
2014-09-12,162.8200225830078
2014-09-15,162.69737243652344
2014-09-16,163.92384338378906
2014-09-17,164.1446533203125
2014-09-18,165.01951599121094
2014-09-19,164.870849609375
2014-09-22,163.59756469726562
2014-09-23,162.6610565185547
2014-09-24,163.9343719482422
2014-09-25,161.2891845703125
2014-09-26,162.5706787109375
2014-09-29,162.27500915527344
2014-09-30,161.8477325439453
2014-10-01,159.65444946289062
2014-10-02,159.67913818359375
2014-10-03,161.4370574951172
2014-10-06,161.2480926513672
2014-10-07,158.7590789794922
2014-10-08,161.53565979003906
2014-10-09,158.3318634033203
2014-10-10,156.52456665039062
2014-10-13,153.95338439941406
2014-10-14,154.19161987304688
2014-10-15,153.14833068847656
2014-10-16,153.0169219970703
2014-10-17,154.82415771484375
2014-10-20,156.32742309570312
2014-10-21,159.42440795898438
2014-10-22,158.29080200195312
2014-10-23,160.13088989257812
2014-10-24,161.36306762695312
2014-10-27,161.141357421875
2014-10-28,162.9896697998047
2014-10-29,162.7432098388672
2014-10-30,163.78648376464844
2014-10-31,165.65951538085938
2014-11-03,165.74978637695312
2014-11-04,165.17481994628906
2014-11-05,166.2180938720703
2014-11-06,166.8834686279297
2014-11-07,167.03953552246094
2014-11-10,167.56533813476562
2014-11-11,167.7296600341797
2014-11-12,167.5489044189453
2014-11-13,167.7378387451172
2014-11-14,167.7788848876953
2014-11-17,167.88565063476562
2014-11-18,168.85499572753906
2014-11-19,168.5839385986328
2014-11-20,168.87962341308594
2014-11-21,169.78330993652344
2014-11-24,170.25975036621094
2014-11-25,170.136474609375
2014-11-26,170.57188415527344
2014-11-28,170.21047973632812
2014-12-01,169.0275115966797
2014-12-02,170.12005615234375
2014-12-03,170.7772674560547
2014-12-04,170.58836364746094
2014-12-05,170.86766052246094
2014-12-08,169.72579956054688
2014-12-09,169.61077880859375
2014-12-10,166.89170837402344
2014-12-11,167.7378387451172
2014-12-12,165.02688598632812
2014-12-15,163.89328002929688
2014-12-16,162.5789031982422
2014-12-17,165.7662811279297
2014-12-18,169.86538696289062
2014-12-19,170.58822631835938
2014-12-22,171.37294006347656
2014-12-23,171.6041717529297
2014-12-24,171.62069702148438
2014-12-26,172.1741485595703
2014-12-29,172.40550231933594
2014-12-30,171.4803009033203
2014-12-31,169.77871704101562
2015-01-02,169.68785095214844
2015-01-05,166.6233367919922
2015-01-06,165.05392456054688
2015-01-07,167.11070251464844
2015-01-08,170.07608032226562
2015-01-09,168.71316528320312
2015-01-12,167.3915252685547
2015-01-13,166.9207305908203
2015-01-14,165.91299438476562
2015-01-15,164.39312744140625
2015-01-16,166.54905700683594
2015-01-20,166.90423583984375
2015-01-21,167.7467041015625
2015-01-22,170.24130249023438
2015-01-23,169.3078155517578
2015-01-26,169.704345703125
2015-01-27,167.46588134765625
2015-01-28,165.31822204589844
2015-01-29,166.84642028808594
2015-01-30,164.74827575683594
2015-02-02,166.78851318359375
2015-02-03,169.200439453125
2015-02-04,168.5562286376953
2015-02-05,170.25782775878906
2015-02-06,169.7869873046875
2015-02-09,169.02703857421875
2015-02-10,170.8277587890625
2015-02-11,170.9268341064453
2015-02-12,172.57061767578125
2015-02-13,173.281005859375
2015-02-17,173.5535888671875
2015-02-18,173.57015991210938
2015-02-19,173.4462127685547
2015-02-20,174.48699951171875
2015-02-23,174.4622039794922
2015-02-24,174.9578399658203
2015-02-25,174.80911254882812
2015-02-26,174.6026611328125
2015-02-27,174.00796508789062
2015-03-02,175.1065216064453
2015-03-03,174.38778686523438
2015-03-04,173.65269470214844
2015-03-05,173.84271240234375
2015-03-06,171.397705078125
2015-03-09,172.10813903808594
2015-03-10,169.3161163330078
2015-03-11,168.91970825195312
2015-03-12,171.0672607421875
2015-03-13,170.0182342529297
2015-03-16,172.28977966308594
2015-03-17,171.77761840820312
2015-03-18,173.84271240234375
2015-03-19,173.04971313476562
2015-03-20,174.5771942138672
2015-03-23,174.23703002929688
2015-03-24,173.2579803466797
2015-03-25,170.71910095214844
2015-03-26,170.31259155273438
2015-03-27,170.70245361328125
2015-03-30,172.78501892089844
2015-03-31,171.27499389648438
2015-04-01,170.66932678222656
2015-04-02,171.2832794189453
2015-04-06,172.4365692138672
2015-04-07,171.98023986816406
2015-04-08,172.56103515625
2015-04-09,173.32435607910156
2015-04-10,174.27020263671875
2015-04-13,173.4819793701172
2015-04-14,173.81385803222656
2015-04-15,174.59376525878906
2015-04-16,174.5440216064453
2015-04-17,172.53614807128906
2015-04-20,174.1125030517578
2015-04-21,173.9051513671875
2015-04-22,174.75973510742188
2015-04-23,175.19944763183594
2015-04-24,175.6060028076172
2015-04-27,174.8759307861328
2015-04-28,175.43179321289062
2015-04-29,174.70997619628906
2015-04-30,172.9593048095703
2015-05-01,174.83441162109375
2015-05-04,175.3321990966797
2015-05-05,173.32435607910156
2015-05-06,172.61077880859375
2015-05-07,173.2994384765625
2015-05-08,175.5811767578125
2015-05-11,174.74317932128906
2015-05-12,174.22044372558594
2015-05-13,174.2536163330078
2015-05-14,176.07066345214844
2015-05-15,176.26153564453125
2015-05-18,176.80911254882812
2015-05-19,176.7510223388672
2015-05-20,176.62661743164062
2015-05-21,177.14100646972656
2015-05-22,176.7178497314453
2015-05-26,174.81781005859375
2015-05-27,176.47726440429688
2015-05-28,176.27813720703125
2015-05-29,175.18289184570312
2015-06-01,175.53965759277344
2015-06-02,175.36538696289062
2015-06-03,175.830078125
2015-06-04,174.3448944091797
2015-06-05,174.0461883544922
2015-06-08,172.9758758544922
2015-06-09,172.95103454589844
2015-06-10,175.0252227783203
2015-06-11,175.58938598632812
2015-06-12,174.24530029296875
2015-06-15,173.49856567382812
2015-06-16,174.44444274902344
2015-06-17,174.72653198242188
2015-06-18,176.54364013671875
2015-06-19,175.75987243652344
2015-06-22,176.66029357910156
2015-06-23,176.78536987304688
2015-06-24,175.50144958496094
2015-06-25,174.96780395507812
2015-06-26,174.9344940185547
2015-06-29,171.26605224609375
2015-06-30,171.62454223632812
2015-07-01,173.00021362304688
2015-07-02,172.84181213378906
2015-07-06,172.34994506835938
2015-07-07,173.43377685546875
2015-07-08,170.52398681640625
2015-07-09,170.8324737548828
2015-07-10,172.98348999023438
2015-07-13,174.89279174804688
2015-07-14,175.65147399902344
2015-07-15,175.5931854248047
2015-07-16,177.0021209716797
2015-07-17,177.1522216796875
2015-07-20,177.24395751953125
2015-07-21,176.54360961914062
2015-07-22,176.2267303466797
2015-07-23,175.2346649169922
2015-07-24,173.41708374023438
2015-07-27,172.40823364257812
2015-07-28,174.52593994140625
2015-07-29,175.7265625
2015-07-30,175.7682342529297
2015-07-31,175.50144958496094
2015-08-03,174.9094696044922
2015-08-04,174.567626953125
2015-08-05,175.1429443359375
2015-08-06,173.70889282226562
2015-08-07,173.37539672851562
2015-08-10,175.559814453125
2015-08-11,173.9756622314453
2015-08-12,174.18405151367188
2015-08-13,173.9673614501953
2015-08-14,174.60096740722656
2015-08-17,175.576416015625
2015-08-18,175.06790161132812
2015-08-19,173.68392944335938
2015-08-20,170.05711364746094
2015-08-21,164.93800354003906
2015-08-24,157.99298095703125
2015-08-25,156.13375854492188
2015-08-26,162.1282958984375
2015-08-27,166.1385955810547
2015-08-28,166.1469268798828
2015-08-31,164.80458068847656
2015-09-01,159.88555908203125
2015-09-02,162.92034912109375
2015-09-03,163.0370635986328
2015-09-04,160.56919860839844
2015-09-08,164.6044921875
2015-09-09,162.40347290039062
2015-09-10,163.28713989257812
2015-09-11,164.02919006347656
2015-09-14,163.4205780029297
2015-09-15,165.4632568359375
2015-09-16,166.89724731445312
2015-09-17,166.5220947265625
2015-09-18,163.80088806152344
2015-09-21,164.64730834960938
2015-09-22,162.51026916503906
2015-09-23,162.25047302246094
2015-09-24,161.663818359375
2015-09-25,161.6219024658203
2015-09-28,157.56565856933594
2015-09-29,157.6577911376953
2015-09-30,160.5994415283203
2015-10-01,161.01849365234375
2015-10-02,163.4237060546875
2015-10-05,166.33184814453125
2015-10-06,165.76190185546875
2015-10-07,167.11964416503906
2015-10-08,168.6281280517578
2015-10-09,168.7287139892578
2015-10-12,168.887939453125
2015-10-13,167.8236083984375
2015-10-14,167.01904296875
2015-10-15,169.58358764648438
2015-10-16,170.35458374023438
2015-10-19,170.4383544921875
2015-10-20,170.22044372558594
2015-10-21,169.16453552246094
2015-10-22,172.02235412597656
2015-10-23,173.9080047607422
2015-10-26,173.48056030273438
2015-10-27,173.14532470703125
2015-10-28,175.11485290527344
2015-10-29,175.0142822265625
2015-10-30,174.2599639892578
2015-11-02,176.32164001464844
2015-11-03,176.83285522460938
2015-11-04,176.29641723632812
2015-11-05,176.12049865722656
2015-11-06,176.02833557128906
2015-11-09,174.38571166992188
2015-11-10,174.78797912597656
2015-11-11,174.10076904296875
2015-11-12,171.67031860351562
2015-11-13,169.7427520751953
2015-11-16,172.32400512695312
2015-11-17,172.19837951660156
2015-11-18,174.930419921875
2015-11-19,174.7795867919922
2015-11-20,175.41650390625
2015-11-23,175.21536254882812
2015-11-24,175.45005798339844
2015-11-25,175.4248809814453
2015-11-27,175.6260528564453
2015-11-30,174.89691162109375
2015-12-01,176.5646209716797
2015-12-02,174.7628173828125
2015-12-03,172.3156280517578
2015-12-04,175.6763153076172
2015-12-07,174.6119842529297
2015-12-08,173.43865966796875
2015-12-09,172.08938598632812
2015-12-10,172.5335693359375
2015-12-11,169.1896514892578
2015-12-14,170.04452514648438
2015-12-15,171.82955932617188
2015-12-16,174.3438262939453
2015-12-17,171.68716430664062
2015-12-18,168.62852478027344
2015-12-21,170.01953125
2015-12-22,171.56228637695312
2015-12-23,173.68682861328125
2015-12-24,173.40016174316406
2015-12-28,173.0039825439453
2015-12-29,174.85031127929688
2015-12-30,173.6109161376953
2015-12-31,171.87428283691406
2016-01-04,169.4716033935547
2016-01-05,169.75820922851562
2016-01-06,167.61683654785156
2016-01-07,163.59544372558594
2016-01-08,161.79974365234375
2016-01-11,161.95986938476562
2016-01-12,163.26669311523438
2016-01-13,159.19467163085938
2016-01-14,161.80812072753906
2016-01-15,158.334716796875
2016-01-19,158.5455322265625
2016-01-20,156.51370239257812
2016-01-21,157.39053344726562
2016-01-22,160.6194610595703
2016-01-25,158.19146728515625
2016-01-26,160.34967041015625
2016-01-27,158.60455322265625
2016-01-28,159.4307098388672
2016-01-29,163.31724548339844
2016-02-01,163.2582244873047
2016-02-02,160.31590270996094
2016-02-03,161.2770538330078
2016-02-04,161.52996826171875
2016-02-05,158.45281982421875
2016-02-08,156.31983947753906
2016-02-09,156.32826232910156
2016-02-10,156.193359375
2016-02-11,154.16160583496094
2016-02-12,157.33995056152344
2016-02-16,159.9955596923828
2016-02-17,162.60903930664062
2016-02-18,161.94302368164062
2016-02-19,161.86715698242188
2016-02-22,164.21087646484375
2016-02-23,162.136962890625
2016-02-24,162.87887573242188
2016-02-25,164.8515625
2016-02-26,164.4722137451172
2016-02-29,163.18234252929688
2016-03-01,167.0182647705078
2016-03-02,167.76858520507812
2016-03-03,168.4261474609375
2016-03-04,168.97415161132812
2016-03-07,169.10902404785156
2016-03-08,167.26271057128906
2016-03-09,168.08892822265625
2016-03-10,168.2238311767578
2016-03-11,170.93846130371094
2016-03-14,170.71929931640625
2016-03-15,170.44107055664062
2016-03-16,171.42745971679688
2016-03-17,172.51502990722656
2016-03-18,173.19287109375
2016-03-21,173.43869018554688
2016-03-22,173.34548950195312
2016-03-23,172.2014923095703
2016-03-24,172.12518310546875
2016-03-28,172.22683715820312
2016-03-29,173.8199462890625
2016-03-30,174.58265686035156
2016-03-31,174.1590118408203
2016-04-01,175.3452911376953
2016-04-04,174.7775421142578
2016-04-05,173.03192138671875
2016-04-06,174.92161560058594
2016-04-07,172.8285369873047
2016-04-08,173.29464721679688
2016-04-11,172.88787841796875
2016-04-12,174.49789428710938
2016-04-13,176.260498046875
2016-04-14,176.26901245117188
2016-04-15,176.0740966796875
2016-04-18,177.31129455566406
2016-04-19,177.87059020996094
2016-04-20,178.04014587402344
2016-04-21,177.08253479003906
2016-04-22,177.08253479003906
2016-04-25,176.7773895263672
2016-04-26,177.04014587402344
2016-04-27,177.40451049804688
2016-04-28,175.79443359375
2016-04-29,174.84532165527344
2016-05-02,176.235107421875
2016-05-03,174.70127868652344
2016-05-04,173.72674560546875
2016-05-05,173.69284057617188
2016-05-06,174.3284454345703
2016-05-09,174.47247314453125
2016-05-10,176.641845703125
2016-05-11,174.98936462402344
2016-05-12,175.04026794433594
2016-05-13,173.5149383544922
2016-05-16,175.22665405273438
2016-05-17,173.59117126464844
2016-05-18,173.6420440673828
2016-05-19,173.0403594970703
2016-05-20,174.13351440429688
2016-05-23,173.89627075195312
2016-05-24,176.15036010742188
2016-05-25,177.34518432617188
2016-05-26,177.3960418701172
2016-05-27,178.15869140625
2016-05-31,177.81971740722656
2016-06-01,178.1841278076172
2016-06-02,178.7264862060547
2016-06-03,178.1925506591797
2016-06-06,179.09938049316406
2016-06-07,179.3789520263672
2016-06-08,179.96368408203125
2016-06-09,179.71795654296875
2016-06-10,178.01467895507812
2016-06-13,176.641845703125
2016-06-14,176.29440307617188
2016-06-15,176.04867553710938
2016-06-16,176.5740509033203
2016-06-17,175.91650390625
2016-06-20,177.04945373535156
2016-06-21,177.55194091796875
2016-06-22,177.26231384277344
2016-06-23,179.57073974609375
2016-06-24,173.1224822998047
2016-06-27,170.0219268798828
2016-06-28,173.0885009765625
2016-06-29,176.03575134277344
2016-06-30,178.4378204345703
2016-07-01,178.8126220703125
2016-07-05,177.5263671875
2016-07-06,178.59115600585938
2016-07-07,178.48040771484375
2016-07-08,181.1380615234375
2016-07-11,181.77696228027344
2016-07-12,183.0972900390625
2016-07-13,183.0716552734375
2016-07-14,184.09388732910156
2016-07-15,183.84686279296875
2016-07-18,184.34091186523438
2016-07-19,184.1535186767578
2016-07-20,184.9201202392578
2016-07-21,184.22164916992188
2016-07-22,185.0479278564453
2016-07-25,184.54531860351562
2016-07-26,184.63050842285156
2016-07-27,184.43460083007812
2016-07-28,184.64756774902344
2016-07-29,184.94566345214844
2016-08-01,184.7923583984375
2016-08-02,183.60830688476562
2016-08-03,184.14498901367188
2016-08-04,184.34091186523438
2016-08-05,185.8485870361328
2016-08-08,185.73788452148438
2016-08-09,185.8485870361328
2016-08-10,185.3885955810547
2016-08-11,186.2489471435547
2016-08-12,186.08712768554688
2016-08-15,186.62374877929688
2016-08-16,185.6612091064453
2016-08-17,186.01046752929688
2016-08-18,186.42787170410156
2016-08-19,186.1552276611328
2016-08-22,186.14671325683594
2016-08-23,186.52154541015625
2016-08-24,185.56753540039062
2016-08-25,185.43972778320312
2016-08-26,185.0904998779297
2016-08-29,186.0019073486328
2016-08-30,185.69525146484375
2016-08-31,185.16714477539062
2016-09-01,185.1757049560547
2016-09-02,186.01046752929688
2016-09-06,186.5726776123047
2016-09-07,186.5556182861328
2016-09-08,186.1297149658203
2016-09-09,181.67469787597656
2016-09-12,184.2812957763672
2016-09-13,181.6321258544922
2016-09-14,181.56399536132812
2016-09-15,183.37831115722656
2016-09-16,182.6695098876953
2016-09-19,182.70376586914062
2016-09-20,182.71231079101562
2016-09-21,184.76699829101562
2016-09-22,185.93128967285156
2016-09-23,184.9124755859375
2016-09-26,183.41432189941406
2016-09-27,184.55296325683594
2016-09-28,185.468994140625
2016-09-29,183.7909698486328
2016-09-30,185.17787170410156
2016-10-03,184.7327117919922
2016-10-04,183.7909698486328
2016-10-05,184.6042938232422
2016-10-06,184.7327117919922
2016-10-07,184.09915161132812
2016-10-10,185.05801391601562
2016-10-11,182.72084045410156
2016-10-12,182.96058654785156
2016-10-13,182.36126708984375
2016-10-14,182.4554443359375
2016-10-17,181.82192993164062
2016-10-18,182.96058654785156
2016-10-19,183.4485321044922
2016-10-20,183.10610961914062
2016-10-21,183.19174194335938
2016-10-24,183.97076416015625
2016-10-25,183.35438537597656
2016-10-26,182.98622131347656
2016-10-27,182.4982452392578
2016-10-28,181.9589080810547
2016-10-31,181.96749877929688
2016-11-01,180.6490478515625
2016-11-02,179.56179809570312
2016-11-03,178.73988342285156
2016-11-04,178.54299926757812
2016-11-07,182.4811553955078
2016-11-08,183.30300903320312
2016-11-09,185.2464141845703
2016-11-10,185.70867919921875
2016-11-11,185.28062438964844
2016-11-14,185.42620849609375
2016-11-15,186.87301635742188
2016-11-16,186.52200317382812
2016-11-17,187.4808349609375
2016-11-18,187.0614013671875
2016-11-21,188.4739227294922
2016-11-22,188.8420867919922
2016-11-23,188.94480895996094
2016-11-25,189.64682006835938
2016-11-28,188.7564697265625
2016-11-29,189.12460327148438
2016-11-30,188.67086791992188
2016-12-01,187.9774169921875
2016-12-02,188.07156372070312
2016-12-05,189.20164489746094
2016-12-06,189.8009033203125
2016-12-07,192.28370666503906
2016-12-08,192.7545623779297
2016-12-09,193.91880798339844
2016-12-12,193.6962432861328
2016-12-13,194.98899841308594
2016-12-14,193.37945556640625
2016-12-15,194.1756591796875
2016-12-16,193.79588317871094
2016-12-19,194.21788024902344
2016-12-20,194.9671173095703
2016-12-21,194.424560546875
2016-12-22,194.0886993408203
2016-12-23,194.37290954589844
2016-12-27,194.8551483154297
2016-12-28,193.24473571777344
2016-12-29,193.20172119140625
2016-12-30,192.49554443359375
2017-01-03,193.96815490722656
2017-01-04,195.12213134765625
2017-01-05,194.9671173095703
2017-01-06,195.6646728515625
2017-01-09,195.01876831054688
2017-01-10,195.01876831054688
2017-01-11,195.56991577148438
2017-01-12,195.07901000976562
2017-01-13,195.52687072753906
2017-01-17,194.83792114257812
2017-01-18,195.26846313476562
2017-01-19,194.54510498046875
2017-01-20,195.2598419189453
2017-01-23,194.75177001953125
2017-01-24,196.00050354003906
2017-01-25,197.6969757080078
2017-01-26,197.49034118652344
2017-01-27,197.18026733398438
2017-01-30,195.95745849609375
2017-01-31,195.94017028808594
2017-02-01,196.0177001953125
2017-02-02,196.14686584472656
2017-02-03,197.49891662597656
2017-02-06,197.14585876464844
2017-02-07,197.15444946289062
2017-02-08,197.41281127929688
2017-02-09,198.5839385986328
2017-02-10,199.36764526367188
2017-02-13,200.45269775390625
2017-02-14,201.2536163330078
2017-02-15,202.30418395996094
2017-02-16,202.13194274902344
2017-02-17,202.4505615234375
2017-02-21,203.65626525878906
2017-02-22,203.4754180908203
2017-02-23,203.6131591796875
2017-02-24,203.87147521972656
2017-02-27,204.19012451171875
2017-02-28,203.63900756835938
2017-03-01,206.48939514160156
2017-03-02,205.18910217285156
2017-03-03,205.3182373046875
2017-03-06,204.70681762695312
2017-03-07,204.0953826904297
2017-03-08,203.71653747558594
2017-03-09,203.97482299804688
2017-03-10,204.6896209716797
2017-03-13,204.79295349121094
2017-03-14,204.00927734375
2017-03-15,205.77468872070312
2017-03-16,205.3699188232422
2017-03-17,205.00930786132812
2017-03-20,204.7843780517578
2017-03-21,202.15504455566406
2017-03-22,202.6307373046875
2017-03-23,202.41452026367188
2017-03-24,202.2674560546875
2017-03-27,202.05992126464844
2017-03-28,203.53030395507812
2017-03-29,203.72052001953125
2017-03-30,204.36927795410156
2017-03-31,203.89349365234375
2017-04-03,203.53890991210938
2017-04-04,203.66868591308594
2017-04-05,203.063232421875
2017-04-06,203.63404846191406
2017-04-07,203.4264678955078
2017-04-10,203.5475616455078
2017-04-11,203.30538940429688
2017-04-12,202.41452026367188
2017-04-13,201.0998992919922
2017-04-17,202.88160705566406
2017-04-18,202.27615356445312
2017-04-19,201.90423583984375
2017-04-20,203.5475616455078
2017-04-21,202.8988800048828
2017-04-24,205.13037109375
2017-04-25,206.32388305664062
2017-04-26,206.19419860839844
2017-04-27,206.3671875
2017-04-28,205.9173583984375
2017-05-01,206.43637084960938
2017-05-02,206.51422119140625
2017-05-03,206.26336669921875
2017-05-04,206.50558471679688
2017-05-05,207.31854248046875
2017-05-08,207.28396606445312
2017-05-09,207.09365844726562
2017-05-10,207.465576171875
2017-05-11,207.0417938232422
2017-05-12,206.6958465576172
2017-05-15,207.83750915527344
2017-05-16,207.647216796875
2017-05-17,203.9627685546875
2017-05-18,204.7843780517578
2017-05-19,206.11634826660156
2017-05-22,207.16285705566406
2017-05-23,207.62127685546875
2017-05-24,208.10565185546875
2017-05-25,209.10031127929688
2017-05-26,209.05703735351562
2017-05-30,208.8754119873047
2017-05-31,208.823486328125
2017-06-01,210.48410034179688
2017-06-02,211.18467712402344
2017-06-05,211.02903747558594
2017-06-06,210.35443115234375
2017-06-07,210.74362182617188
2017-06-08,210.847412109375
2017-06-09,210.5273895263672
2017-06-12,210.48410034179688
2017-06-13,211.51341247558594
2017-06-14,211.24526977539062
2017-06-15,210.83877563476562
2017-06-16,210.88482666015625
2017-06-19,212.64039611816406
2017-06-20,211.20640563964844
2017-06-21,211.15426635742188
2017-06-22,211.0586700439453
2017-06-23,211.31065368652344
2017-06-26,211.44973754882812
2017-06-27,209.74624633789062
2017-06-28,211.62359619140625
2017-06-29,209.763671875
2017-06-30,210.15476989746094
2017-07-03,210.51112365722656
2017-07-05,210.99778747558594
2017-07-06,209.068359375
2017-07-07,210.42413330078125
2017-07-10,210.650146484375
2017-07-11,210.49374389648438
2017-07-12,212.0754852294922
2017-07-13,212.43186950683594
2017-07-14,213.42262268066406
2017-07-17,213.39659118652344
2017-07-18,213.5095672607422
2017-07-19,214.66551208496094
2017-07-20,214.7611083984375
2017-07-21,214.56988525390625
2017-07-24,214.5177764892578
2017-07-25,215.0392303466797
2017-07-26,215.04788208007812
2017-07-27,214.84800720214844
2017-07-28,214.59600830078125
2017-07-31,214.47430419921875
2017-08-01,214.95233154296875
2017-08-02,215.05665588378906
2017-08-03,214.63943481445312
2017-08-04,215.03050231933594
2017-08-07,215.43038940429688
2017-08-08,214.900146484375
2017-08-09,214.89151000976562
2017-08-10,211.85821533203125
2017-08-11,212.1710968017578
2017-08-14,214.2743682861328
2017-08-15,214.24838256835938
2017-08-16,214.6220703125
2017-08-17,211.27587890625
2017-08-18,210.94561767578125
2017-08-21,211.11074829101562
2017-08-22,213.3184051513672
2017-08-23,212.5535125732422
2017-08-24,212.05813598632812
2017-08-25,212.5535125732422
2017-08-28,212.56224060058594
2017-08-29,212.80560302734375
2017-08-30,213.81375122070312
2017-08-31,215.10009765625
2017-09-01,215.40428161621094
2017-09-05,213.857177734375
2017-09-06,214.58729553222656
2017-09-07,214.5612335205078
2017-09-08,214.30917358398438
2017-09-11,216.5950164794922
2017-09-12,217.3250732421875
2017-09-13,217.42935180664062
2017-09-14,217.35980224609375
2017-09-15,217.65245056152344
2017-09-18,218.1153564453125
2017-09-19,218.33367919921875
2017-09-20,218.4123077392578
2017-09-21,217.8271026611328
2017-09-22,217.8708038330078
2017-09-25,217.42529296875
2017-09-26,217.55636596679688
2017-09-27,218.40359497070312
2017-09-28,218.66558837890625
2017-09-29,219.43418884277344
2017-10-02,220.38632202148438
2017-10-03,220.8579559326172
2017-10-04,221.11996459960938
2017-10-05,222.43014526367188
2017-10-06,222.1768035888672
2017-10-09,221.8099365234375
2017-10-10,222.39515686035156
2017-10-11,222.74456787109375
2017-10-12,222.41262817382812
2017-10-13,222.68345642089844
2017-10-16,222.98043823242188
2017-10-17,223.1376190185547
2017-10-18,223.35595703125
2017-10-19,223.4171142578125
2017-10-20,224.57008361816406
2017-10-23,223.69662475585938
2017-10-24,224.08966064453125
2017-10-25,222.98043823242188
2017-10-26,223.26861572265625
2017-10-27,225.09405517578125
2017-10-30,224.25558471679688
2017-10-31,224.60496520996094
2017-11-01,224.90194702148438
2017-11-02,224.9893035888672
2017-11-03,225.74049377441406
2017-11-06,226.08985900878906
2017-11-07,225.93263244628906
2017-11-08,226.31695556640625
2017-11-09,225.4959259033203
2017-11-10,225.42604064941406
2017-11-13,225.63563537597656
2017-11-14,225.11155700683594
2017-11-15,223.98486328125
2017-11-16,225.88890075683594
2017-11-17,225.22511291503906
2017-11-20,225.6094207763672
2017-11-21,227.08560180664062
2017-11-22,226.88462829589844
2017-11-24,227.4087371826172
2017-11-27,227.2952117919922
2017-11-28,229.60101318359375
2017-11-29,229.46133422851562
2017-11-30,231.47024536132812
2017-12-01,230.98977661132812
2017-12-04,230.71031188964844
2017-12-05,229.8805694580078
2017-12-06,229.92420959472656
2017-12-07,230.64913940429688
2017-12-08,231.90701293945312
2017-12-11,232.6057586669922
2017-12-12,233.01625061035156
2017-12-13,232.9900360107422
2017-12-14,232.0380096435547
2017-12-15,233.97023010253906
2017-12-18,235.45391845703125
2017-12-19,234.54966735839844
2017-12-20,234.4266815185547
2017-12-21,234.90956115722656
2017-12-22,234.8481903076172
2017-12-26,234.56719970703125
2017-12-27,234.68138122558594
2017-12-28,235.1642303466797
2017-12-29,234.27749633789062
2018-01-02,235.9542694091797
2018-01-03,237.44668579101562
2018-01-04,238.4475555419922
2018-01-05,240.03656005859375
2018-01-08,240.47543334960938
2018-01-09,241.01983642578125
2018-01-10,240.6510772705078
2018-01-11,242.40687561035156
2018-01-12,243.98715209960938
2018-01-16,243.15306091308594
2018-01-17,245.47076416015625
2018-01-18,245.05816650390625
2018-01-19,246.1730499267578
2018-01-22,248.1746368408203
2018-01-23,248.7014923095703
2018-01-24,248.60482788085938
2018-01-25,248.71031188964844
2018-01-26,251.58969116210938
2018-01-29,249.92181396484375
2018-01-30,247.35824584960938
2018-01-31,247.48117065429688
2018-02-01,247.20018005371094
2018-02-02,241.8186492919922
2018-02-05,231.7052001953125
2018-02-06,236.27029418945312
2018-02-07,234.98863220214844
2018-02-08,226.17440795898438
2018-02-09,229.57191467285156
2018-02-12,232.94305419921875
2018-02-13,233.52249145507812
2018-02-14,236.6741485595703
2018-02-15,239.6941680908203
2018-02-16,239.7643280029297
2018-02-20,238.2631378173828
2018-02-21,237.0780029296875
2018-02-22,237.3852996826172
2018-02-23,241.16912841796875
2018-02-26,243.969482421875
2018-02-27,240.92320251464844
2018-02-28,238.4826202392578
2018-03-01,235.01498413085938
2018-03-02,236.2264404296875
2018-03-05,238.95669555664062
2018-03-06,239.56248474121094
2018-03-07,239.4746856689453
2018-03-08,240.63348388671875
2018-03-09,244.82113647460938
2018-03-12,244.51385498046875
2018-03-13,242.93368530273438
2018-03-14,241.68701171875
2018-03-15,241.42356872558594
2018-03-16,241.68548583984375
2018-03-19,238.4154052734375
2018-03-20,238.82080078125
2018-03-21,238.3625030517578
2018-03-22,232.40406799316406
2018-03-23,227.45045471191406
2018-03-26,233.6732940673828
2018-03-27,229.69808959960938
2018-03-28,229.01939392089844
2018-03-29,231.94570922851562
2018-04-02,226.93927001953125
2018-04-03,229.8479461669922
2018-04-04,232.3070831298828
2018-04-05,234.14048767089844
2018-04-06,228.92247009277344
2018-04-09,230.05068969726562
2018-04-10,233.70851135253906
2018-04-11,232.4834442138672
2018-04-12,234.39610290527344
2018-04-13,233.70851135253906
2018-04-16,235.6300506591797
2018-04-17,238.1510009765625
2018-04-18,238.3272247314453
2018-04-19,237.00514221191406
2018-04-20,234.9954071044922
2018-04-23,234.960205078125
2018-04-24,231.79592895507812
2018-04-25,232.36878967285156
2018-04-26,234.73101806640625
2018-04-27,234.95135498046875
2018-04-30,233.14443969726562
2018-05-01,233.55873107910156
2018-05-02,231.98983764648438
2018-05-03,231.4785919189453
2018-05-04,234.4754638671875
2018-05-07,235.2686309814453
2018-05-08,235.2686309814453
2018-05-09,237.54269409179688
2018-05-10,239.76388549804688
2018-05-11,240.4955596923828
2018-05-14,240.6101531982422
2018-05-15,238.95301818847656
2018-05-16,239.95779418945312
2018-05-17,239.75514221191406
2018-05-18,239.1556854248047
2018-05-21,240.953857421875
2018-05-22,240.283935546875
2018-05-23,240.945068359375
2018-05-24,240.45147705078125
2018-05-25,239.87850952148438
2018-05-29,237.11968994140625
2018-05-30,240.283935546875
2018-05-31,238.8119659423828
2018-06-01,241.1565704345703
2018-06-04,242.30235290527344
2018-06-05,242.4786834716797
2018-06-06,244.50596618652344
2018-06-07,244.47950744628906
2018-06-08,245.20230102539062
2018-06-11,245.52841186523438
2018-06-12,245.84567260742188
2018-06-13,245.0612335205078
2018-06-14,245.6782684326172
2018-06-15,245.36488342285156
2018-06-18,244.86019897460938
2018-06-19,243.9216766357422
2018-06-20,244.33786010742188
2018-06-21,242.80612182617188
2018-06-22,243.24871826171875
2018-06-25,239.93746948242188
2018-06-26,240.46878051757812
2018-06-27,238.47659301757812
2018-06-28,239.8401336669922
2018-06-29,240.1853485107422
2018-07-02,240.6989288330078
2018-07-03,239.848876953125
2018-07-05,241.80557250976562
2018-07-06,243.8508758544922
2018-07-09,246.04652404785156
2018-07-10,246.93194580078125
2018-07-11,245.1257781982422
2018-07-12,247.34805297851562
2018-07-13,247.54286193847656
2018-07-16,247.32150268554688
2018-07-17,248.322021484375
2018-07-18,248.8444366455078
2018-07-19,247.90585327148438
2018-07-20,247.6226043701172
2018-07-23,248.08297729492188
2018-07-24,249.33131408691406
2018-07-25,251.45628356933594
2018-07-26,250.86305236816406
2018-07-27,249.1631317138672
2018-07-30,247.8616485595703
2018-07-31,249.08343505859375
2018-08-01,248.6673583984375
2018-08-02,250.02197265625
2018-08-03,251.09324645996094
2018-08-06,252.01405334472656
2018-08-07,252.84629821777344
2018-08-08,252.74008178710938
2018-08-09,252.3947296142578
2018-08-10,250.7036895751953
2018-08-13,249.76519775390625
2018-08-14,251.3588104248047
2018-08-15,249.48178100585938
2018-08-16,251.50048828125
2018-08-17,252.3859100341797
2018-08-20,252.92599487304688
2018-08-21,253.51918029785156
2018-08-22,253.36866760253906
2018-08-23,253.03228759765625
2018-08-24,254.55508422851562
2018-08-27,256.5648193359375
2018-08-28,256.6888427734375
2018-08-29,258.0699157714844
2018-08-30,257.0252685546875
2018-08-31,257.0340576171875
2018-09-04,256.5914001464844
2018-09-05,255.9008331298828
2018-09-06,255.13047790527344
2018-09-07,254.63473510742188
2018-09-10,255.07740783691406
2018-09-11,255.91851806640625
2018-09-12,255.98049926757812
2018-09-13,257.49456787109375
2018-09-14,257.5388488769531
2018-09-17,256.17523193359375
2018-09-18,257.56536865234375
2018-09-19,257.8398132324219
2018-09-20,259.92919921875
2018-09-21,259.6918029785156
2018-09-24,258.82916259765625
2018-09-25,258.5889892578125
2018-09-26,257.81524658203125
2018-09-27,258.5356750488281
2018-09-28,258.56231689453125
2018-10-01,259.4606018066406
2018-10-02,259.3093566894531
2018-10-03,259.4517517089844
2018-10-04,257.4238586425781
2018-10-05,255.98313903808594
2018-10-08,255.98313903808594
2018-10-09,255.60955810546875
2018-10-10,247.51608276367188
2018-10-11,242.0641632080078
2018-10-12,245.42611694335938
2018-10-15,244.0474853515625
2018-10-16,249.38377380371094
2018-10-17,249.4282989501953
2018-10-18,245.82627868652344
2018-10-19,245.69288635253906
2018-10-22,244.59007263183594
2018-10-23,243.34495544433594
2018-10-24,235.97195434570312
2018-10-25,240.20538330078125
2018-10-26,235.98086547851562
2018-10-29,234.6734161376953
2018-10-30,238.15087890625
2018-10-31,240.69454956054688
2018-11-01,243.25601196289062
2018-11-02,241.8152618408203
2018-11-05,243.14930725097656
2018-11-06,244.68788146972656
2018-11-07,249.92637634277344
2018-11-08,249.47280883789062
2018-11-09,247.0359649658203
2018-11-12,242.41993713378906
2018-11-13,241.96633911132812
2018-11-14,240.3121795654297
2018-11-15,242.8201446533203
2018-11-16,243.4516143798828
2018-11-19,239.33383178710938
2018-11-20,234.90467834472656
2018-11-21,235.70506286621094
2018-11-23,234.1309356689453
2018-11-26,237.91073608398438
2018-11-27,238.7112274169922
2018-11-28,244.20758056640625
2018-11-29,243.6740264892578
2018-11-30,245.1593017578125
2018-12-03,248.40548706054688
2018-12-04,240.3566436767578
2018-12-06,239.99192810058594
2018-12-07,234.4154815673828
2018-12-10,234.8601837158203
2018-12-11,234.9135284423828
2018-12-12,236.09640502929688
2018-12-13,236.01634216308594
2018-12-14,231.65838623046875
2018-12-17,227.11363220214844
2018-12-18,226.86460876464844
2018-12-19,223.46714782714844
2018-12-20,219.8295440673828
2018-12-21,215.32534790039062
2018-12-24,209.6358184814453
2018-12-26,220.2276153564453
2018-12-27,221.9183807373047
2018-12-28,221.63214111328125
2018-12-31,223.57337951660156
2019-01-02,223.8059539794922
2019-01-03,218.46531677246094
2019-01-04,225.78302001953125
2019-01-07,227.56321716308594
2019-01-08,229.70126342773438
2019-01-09,230.77479553222656
2019-01-10,231.58885192871094
2019-01-11,231.67828369140625
2019-01-14,230.2648162841797
2019-01-15,232.90380859375
2019-01-16,233.4674530029297
2019-01-17,235.2386932373047
2019-01-18,238.36968994140625
2019-01-22,235.14920043945312
2019-01-23,235.64126586914062
2019-01-24,235.76651000976562
2019-01-25,237.76141357421875
2019-01-28,235.95437622070312
2019-01-29,235.64126586914062
2019-01-30,239.37161254882812
2019-01-31,241.47386169433594
2019-02-01,241.59024047851562
2019-02-04,243.28994750976562
2019-02-05,244.3097381591797
2019-02-06,243.98770141601562
2019-02-07,241.6618194580078
2019-02-08,241.95701599121094
2019-02-11,242.0911865234375
2019-02-12,245.2042694091797
2019-02-13,246.00050354003906
2019-02-14,245.45484924316406
2019-02-15,248.12954711914062
2019-02-19,248.55897521972656
2019-02-20,249.0600128173828
2019-02-21,248.17430114746094
2019-02-22,249.7129669189453
2019-02-25,250.05291748046875
2019-02-26,249.87405395507812
2019-02-27,249.76666259765625
2019-02-28,249.30148315429688
2019-03-01,250.85801696777344
2019-03-04,249.945556640625
2019-03-05,249.6056671142578
2019-03-06,248.0937957763672
2019-03-07,246.0184326171875
2019-03-08,245.52630615234375
2019-03-11,249.0867919921875
2019-03-12,250.02601623535156
2019-03-13,251.6810302734375
2019-03-14,251.51998901367188
2019-03-15,252.76271057128906
2019-03-18,253.67916870117188
2019-03-19,253.7420654296875
2019-03-20,252.97836303710938
2019-03-21,255.835693359375
2019-03-22,250.91172790527344
2019-03-25,250.72308349609375
2019-03-26,252.5919647216797
2019-03-27,251.2711944580078
2019-03-28,252.22360229492188
2019-03-29,253.8140106201172
2019-04-01,256.823974609375
2019-04-02,256.9498596191406
2019-04-03,257.35418701171875
2019-04-04,258.0370178222656
2019-04-05,259.28594970703125
2019-04-08,259.48358154296875
2019-04-09,258.15380859375
2019-04-10,259.0343322753906
2019-04-11,258.9624938964844
2019-04-12,260.71466064453125
2019-04-15,260.5439147949219
2019-04-16,260.71466064453125
2019-04-17,260.07666015625
2019-04-18,260.5888366699219
2019-04-22,260.8134460449219
2019-04-23,263.1585693359375
2019-04-24,262.5745544433594
2019-04-25,262.41278076171875
2019-04-26,263.6348876953125
2019-04-29,264.048095703125
2019-04-30,264.1828918457031
2019-05-01,262.1971435546875
2019-05-02,261.6310119628906
2019-05-03,264.19183349609375
2019-05-06,263.1046142578125
2019-05-07,258.7109069824219
2019-05-08,258.35150146484375
2019-05-09,257.56976318359375
2019-05-10,258.8636169433594
2019-05-13,252.35830688476562
2019-05-14,254.64051818847656
2019-05-15,256.1321105957031
2019-05-16,258.5042419433594
2019-05-17,256.8330078125
2019-05-20,255.1348876953125
2019-05-21,257.43511962890625
2019-05-22,256.644287109375
2019-05-23,253.50843811035156
2019-05-24,254.08346557617188
2019-05-28,251.72032165527344
2019-05-29,250.03118896484375
2019-05-30,250.71408081054688
2019-05-31,247.335693359375
2019-06-03,246.7066650390625
2019-06-04,252.0618438720703
2019-06-05,254.24526977539062
2019-06-06,255.89854431152344
2019-06-07,258.4593505859375
2019-06-10,259.6453857421875
2019-06-11,259.5824890136719
2019-06-12,259.1242370605469
2019-06-13,260.1934814453125
2019-06-14,259.9059143066406
2019-06-17,260.00482177734375
2019-06-18,262.727294921875
2019-06-19,263.32025146484375
2019-06-20,265.8361511230469
2019-06-21,265.44970703125
2019-06-24,265.12469482421875
2019-06-25,262.5243835449219
2019-06-26,262.26251220703125
2019-06-27,263.1925048828125
2019-06-28,264.5467834472656
2019-07-01,266.94854736328125
2019-07-02,267.6437072753906
2019-07-03,269.7835998535156
2019-07-05,269.47662353515625
2019-07-08,267.995849609375
2019-07-09,268.3299255371094
2019-07-10,269.612060546875
2019-07-11,270.2440185546875
2019-07-12,271.45391845703125
2019-07-15,271.5442810058594
2019-07-16,270.66839599609375
2019-07-17,268.8265380859375
2019-07-18,269.8106994628906
2019-07-19,268.3118896484375
2019-07-22,268.9709777832031
2019-07-23,270.8941650390625
2019-07-24,272.167236328125
2019-07-25,270.8670959472656
2019-07-26,272.681884765625
2019-07-29,272.18524169921875
2019-07-30,271.51715087890625
2019-07-31,268.5466003417969
2019-08-01,266.2081298828125
2019-08-02,264.2037658691406
2019-08-05,256.2583923339844
2019-08-06,259.8517761230469
2019-08-07,260.00531005859375
2019-08-08,265.1065368652344
2019-08-09,263.3008117675781
2019-08-12,260.09564208984375
2019-08-13,264.1405944824219
2019-08-14,256.33062744140625
2019-08-15,257.0077209472656
2019-08-16,260.7998046875
2019-08-19,263.9418640136719
2019-08-20,261.9194641113281
2019-08-21,264.0502624511719
2019-08-22,263.968994140625
2019-08-23,257.1883544921875
2019-08-26,260.0323791503906
2019-08-27,259.0121154785156
2019-08-28,260.83587646484375
2019-08-29,264.1676330566406
2019-08-30,264.0502624511719
2019-09-03,262.5063171386719
2019-09-04,265.4858703613281
2019-09-05,268.8988037109375
2019-09-06,269.1064453125
2019-09-09,269.2419128417969
2019-09-10,269.17864990234375
2019-09-11,271.09271240234375
2019-09-12,272.03179931640625
2019-09-13,271.85125732421875
2019-09-16,271.0115051269531
2019-09-17,271.6977233886719
2019-09-18,271.8601989746094
2019-09-19,271.84222412109375
2019-09-20,270.5578308105469
2019-09-23,270.4942932128906
2019-09-24,268.37176513671875
2019-09-25,269.95916748046875
2019-09-26,269.3966979980469
2019-09-27,267.9454040527344
2019-09-30,269.18817138671875
2019-10-01,265.9862060546875
2019-10-02,261.28765869140625
2019-10-03,263.4282531738281
2019-10-04,266.9930725097656
2019-10-07,265.8410339355469
2019-10-08,261.7139892578125
2019-10-09,264.19927978515625
2019-10-10,265.9862060546875
2019-10-11,268.74365234375
2019-10-14,268.4443664550781
2019-10-15,271.10198974609375
2019-10-16,270.6665954589844
2019-10-17,271.46490478515625
2019-10-18,270.27655029296875
2019-10-21,272.1087341308594
2019-10-22,271.2199401855469
2019-10-23,272.0090637207031
2019-10-24,272.4535217285156
2019-10-25,273.56927490234375
2019-10-28,275.11126708984375
2019-10-29,275.02960205078125
2019-10-30,275.8731384277344
2019-10-31,275.13848876953125
2019-11-01,277.6872863769531
2019-11-04,278.8029479980469
2019-11-05,278.4945373535156
2019-11-06,278.55816650390625
2019-11-07,279.5376892089844
2019-11-08,280.2269592285156
2019-11-11,279.69189453125
2019-11-12,280.2814636230469
2019-11-13,280.37213134765625
2019-11-14,280.7803955078125
2019-11-15,282.8122253417969
2019-11-18,283.02069091796875
2019-11-19,282.93914794921875
2019-11-20,281.88702392578125
2019-11-21,281.4334411621094
2019-11-22,282.0593566894531
2019-11-25,284.245361328125
2019-11-26,284.8892517089844
2019-11-27,286.1593017578125
2019-11-29,285.097900390625
2019-12-02,282.67608642578125
2019-12-03,280.7803955078125
2019-12-04,282.5128479003906
2019-12-05,283.02069091796875
2019-12-06,285.6058654785156
2019-12-09,284.7079162597656
2019-12-10,284.39044189453125
2019-12-11,285.1977233886719
2019-12-12,287.6559143066406
2019-12-13,287.8281555175781
2019-12-16,289.80560302734375
2019-12-17,289.86907958984375
2019-12-18,289.88714599609375
2019-12-19,291.0755615234375
2019-12-20,292.35162353515625
2019-12-23,292.79827880859375
2019-12-24,292.8074035644531
2019-12-26,294.3660583496094
2019-12-27,294.2931823730469
2019-12-30,292.67059326171875
2019-12-31,293.381591796875
2020-01-02,296.125244140625
2020-01-03,293.8829650878906
2020-01-06,295.00408935546875
2020-01-07,294.17462158203125
2020-01-08,295.7425231933594
2020-01-09,297.74774169921875
2020-01-10,296.8908996582031
2020-01-13,298.93280029296875
2020-01-14,298.4770202636719
2020-01-15,299.1514892578125
2020-01-16,301.63995361328125
2020-01-17,302.578857421875
2020-01-21,301.9863586425781
2020-01-22,302.0227966308594
2020-01-23,302.3692321777344
2020-01-24,299.68023681640625
2020-01-27,294.87652587890625
2020-01-28,297.96649169921875
2020-01-29,297.7203674316406
2020-01-30,298.68658447265625
2020-01-31,293.2632141113281
2020-02-03,295.44158935546875
2020-02-04,299.9445495605469
2020-02-05,303.40838623046875
2020-02-06,304.4293212890625
2020-02-07,302.80682373046875
2020-02-10,305.0672607421875
2020-02-11,305.595947265625
2020-02-12,307.5648498535156
2020-02-13,307.2366943359375
2020-02-14,307.72900390625
2020-02-18,306.9359130859375
2020-02-19,308.4034118652344
2020-02-20,307.1364440917969
2020-02-21,303.9734191894531
2020-02-24,293.8921203613281
2020-02-25,284.98651123046875
2020-02-26,283.9382629394531
2020-02-27,271.1861877441406
2020-02-28,270.0467224121094
2020-03-02,281.74151611328125
2020-03-03,273.6745300292969
2020-03-04,285.1779479980469
2020-03-05,275.69805908203125
2020-03-06,271.1405334472656
2020-03-09,249.96595764160156
2020-03-10,262.9004211425781
2020-03-11,250.0843963623047
2020-03-12,226.15707397460938
2020-03-13,245.49037170410156
2020-03-16,218.62791442871094
2020-03-17,230.43209838867188
2020-03-18,218.7646484375
2020-03-19,219.22950744628906
2020-03-20,209.78201293945312
2020-03-23,204.41824340820312
2020-03-24,222.93919372558594
2020-03-25,226.2766571044922
2020-03-26,239.48892211914062
2020-03-27,232.35556030273438
2020-03-30,239.9014892578125
2020-03-31,236.32566833496094
2020-04-01,225.6898651123047
2020-04-02,230.89773559570312
2020-04-03,227.56028747558594
2020-04-06,242.84461975097656
2020-04-07,243.0922393798828
2020-04-08,251.2525177001953
2020-04-09,255.07577514648438
2020-04-13,252.74697875976562
2020-04-14,260.20123291015625
2020-04-15,254.67247009277344
2020-04-16,255.9009552001953
2020-04-17,262.8143615722656
2020-04-20,258.18402099609375
2020-04-21,250.34474182128906
2020-04-22,255.9009552001953
2020-04-23,255.88262939453125
2020-04-24,259.4493408203125
2020-04-27,263.1902160644531
2020-04-28,261.97998046875
2020-04-29,268.8381652832031
2020-04-30,266.33514404296875
2020-05-01,259.2843322753906
2020-05-04,259.9995422363281
2020-05-05,262.4016418457031
2020-05-06,260.6228942871094
2020-05-07,263.76776123046875
2020-05-08,268.13214111328125
2020-05-11,268.18719482421875
2020-05-12,262.8418884277344
2020-05-13,258.1932067871094
2020-05-14,261.28314208984375
2020-05-15,262.4842224121094
2020-05-18,270.47943115234375
2020-05-19,267.70123291015625
2020-05-20,272.2489013671875
2020-05-21,270.369384765625
2020-05-22,270.8828430175781
2020-05-26,274.22027587890625
2020-05-27,278.3003234863281
2020-05-28,277.7869873046875
2020-05-29,279.0247497558594
2020-06-01,280.1524658203125
2020-06-02,282.4721374511719
2020-06-03,286.2314453125
2020-06-04,285.4795227050781
2020-06-05,292.7962951660156
2020-06-08,296.3353576660156
2020-06-09,294.1257019042969
2020-06-10,292.4844970703125
2020-06-11,275.6231384277344
2020-06-12,278.92388916015625
2020-06-15,281.5278625488281
2020-06-16,286.94659423828125
2020-06-17,285.7546691894531
2020-06-18,285.8646240234375
2020-06-19,284.2309875488281
2020-06-22,286.0544128417969
2020-06-23,287.3712158203125
2020-06-24,280.040771484375
2020-06-25,283.04290771484375
2020-06-26,276.3202209472656
2020-06-29,280.3814697265625
2020-06-30,283.9731140136719
2020-07-01,285.9622802734375
2020-07-02,287.5370178222656
2020-07-06,291.975830078125
2020-07-07,288.9644775390625
2020-07-08,291.17462158203125
2020-07-09,289.51702880859375
2020-07-10,292.47314453125
2020-07-13,289.9405517578125
2020-07-14,293.69793701171875
2020-07-15,296.3962097167969
2020-07-16,295.4200134277344
2020-07-17,296.2764587402344
2020-07-20,298.6708984375
2020-07-21,299.3062744140625
2020-07-22,301.0099182128906
2020-07-23,297.4184265136719
2020-07-24,295.5029602050781
2020-07-27,297.65789794921875
2020-07-28,295.76995849609375
2020-07-29,299.4076232910156
2020-07-30,298.33929443359375
2020-07-31,300.6968994140625
2020-08-03,302.787353515625
2020-08-04,303.9569396972656
2020-08-05,305.84478759765625
2020-08-06,307.88922119140625
2020-08-07,308.1102600097656
2020-08-10,309.0312194824219
2020-08-11,306.4801940917969
2020-08-12,310.7532958984375
2020-08-13,310.1915588378906
2020-08-14,310.2007141113281
2020-08-17,311.1861267089844
2020-08-18,311.85833740234375
2020-08-19,310.5599365234375
2020-08-20,311.52691650390625
2020-08-21,312.6319274902344
2020-08-24,315.7998962402344
2020-08-25,316.9049377441406
2020-08-26,320.0821838378906
2020-08-27,320.78204345703125
2020-08-28,322.8540954589844
2020-08-31,321.6844787597656
2020-09-01,324.7143249511719
2020-09-02,329.4109802246094
2020-09-03,318.07452392578125
2020-09-04,315.4775695800781
2020-09-08,306.8578186035156
2020-09-09,312.9173583984375
2020-09-10,307.4839782714844
2020-09-11,307.6405029296875
2020-09-14,311.69256591796875
2020-09-15,313.267333984375
2020-09-16,312.0241394042969
2020-09-17,309.2798767089844
2020-09-18,305.71917724609375
2020-09-21,302.316650390625
2020-09-22,305.3955993652344
2020-09-23,298.3131408691406
2020-09-24,299.1082763671875
2020-09-25,303.9440002441406
2020-09-28,308.99224853515625
2020-09-29,307.3094787597656
2020-09-30,309.6394958496094
2020-10-01,311.6274108886719
2020-10-02,308.66864013671875
2020-10-05,314.1423034667969
2020-10-06,309.6765441894531
2020-10-07,315.0669250488281
2020-10-08,317.8591613769531
2020-10-09,320.6977233886719
2020-10-12,325.8569030761719
2020-10-13,323.7303771972656
2020-10-14,321.6962890625
2020-10-15,321.2986755371094
2020-10-16,321.10455322265625
2020-10-19,316.2225646972656
2020-10-20,317.48931884765625
2020-10-21,316.8883361816406
2020-10-22,318.6265563964844
2020-10-23,319.7083740234375
2020-10-26,313.8001403808594
2020-10-27,312.7183532714844
2020-10-28,302.030029296875
2020-10-29,305.0997009277344
2020-10-30,301.9190979003906
2020-11-02,305.3031005859375
2020-11-03,310.6934509277344
2020-11-04,317.63726806640625
2020-11-05,323.8320007324219
2020-11-06,323.758056640625
2020-11-09,327.8263854980469
2020-11-10,327.3455505371094
2020-11-11,329.77734375
2020-11-12,326.5782165527344
2020-11-13,331.09954833984375
2020-11-16,335.2323913574219
2020-11-17,333.42938232421875
2020-11-18,329.4166564941406
2020-11-19,330.8035583496094
2020-11-20,328.5382385253906
2020-11-23,330.5076904296875
2020-11-24,335.83343505859375
2020-11-25,335.3157043457031
2020-11-27,336.2494812011719
2020-11-30,334.7608947753906
2020-12-01,338.42230224609375
2020-12-02,339.1341857910156
2020-12-03,339.0417785644531
2020-12-04,341.9635009765625
2020-12-07,341.2607727050781
2020-12-08,342.2593994140625
2020-12-09,339.18975830078125
2020-12-10,339.0788269042969
2020-12-11,338.6811828613281
2020-12-14,337.1648254394531
2020-12-15,341.7231140136719
2020-12-16,342.2593994140625
2020-12-17,344.17327880859375
2020-12-18,342.799072265625
2020-12-21,341.5733947753906
2020-12-22,340.99761962890625
2020-12-23,341.3041076660156
2020-12-24,342.6319580078125
2020-12-28,345.5754089355469
2020-12-29,344.9161376953125
2020-12-30,345.408203125
2020-12-31,347.1632995605469
2021-01-04,342.43682861328125
2021-01-05,344.79534912109375
2021-01-06,346.8567199707031
2021-01-07,352.0101623535156
2021-01-08,354.015869140625
2021-01-11,351.6294860839844
2021-01-12,351.7037658691406
2021-01-13,352.6509094238281
2021-01-14,351.41595458984375
2021-01-15,348.8531188964844
2021-01-19,351.5923156738281
2021-01-20,356.4579162597656
2021-01-21,356.78289794921875
2021-01-22,355.52001953125
2021-01-25,356.92218017578125
2021-01-26,356.3650207519531
2021-01-27,347.6553039550781
2021-01-28,350.6451721191406
2021-01-29,343.6255187988281
2021-02-01,349.3453063964844
2021-02-02,354.2851867675781
2021-02-03,354.56365966796875
2021-02-04,358.5934753417969
2021-02-05,360.0049133300781
2021-02-08,362.60498046875
2021-02-09,362.3633728027344
2021-02-10,362.20550537109375
2021-02-11,362.7905578613281
2021-02-12,364.5826110839844
2021-02-16,364.2669372558594
2021-02-17,364.35052490234375
2021-02-18,362.7998962402344
2021-02-19,362.1591491699219
2021-02-22,359.3735656738281
2021-02-23,359.8099365234375
2021-02-24,363.77484130859375
2021-02-25,355.0093994140625
2021-02-26,353.18011474609375
2021-03-01,361.7413330078125
2021-03-02,358.91864013671875
2021-03-03,354.16448974609375
2021-03-04,349.7816467285156
2021-03-05,356.21649169921875
2021-03-08,354.4430847167969
2021-03-09,359.50347900390625
2021-03-10,361.7413330078125
2021-03-11,365.4090576171875
2021-03-12,365.90118408203125
2021-03-15,368.08331298828125
2021-03-16,367.6189880371094
2021-03-17,368.87249755859375
2021-03-18,363.50555419921875
2021-03-19,362.83294677734375
2021-03-22,365.7301330566406
2021-03-23,362.8515930175781
2021-03-24,361.0070495605469
2021-03-25,363.0379333496094
2021-03-26,368.88824462890625
2021-03-29,368.7019348144531
2021-03-30,367.7237243652344
2021-03-31,369.21429443359375
2021-04-01,373.20147705078125
2021-04-05,378.55810546875
2021-04-06,378.3344421386719
2021-04-07,378.77227783203125
2021-04-08,380.5702209472656
2021-04-09,383.3370666503906
2021-04-12,383.476806640625
2021-04-13,384.6133728027344
2021-04-14,383.2998046875
2021-04-15,387.4174499511719
2021-04-16,388.7123718261719
2021-04-19,386.8025817871094
2021-04-20,383.9705810546875
2021-04-21,387.603759765625
2021-04-22,384.063720703125
2021-04-23,388.22796630859375
2021-04-26,389.038330078125
2021-04-27,388.95458984375
2021-04-28,388.8426818847656
2021-04-29,391.3206787109375
2021-04-30,388.7496337890625
2021-05-03,389.58795166015625
2021-05-04,387.18450927734375
2021-05-05,387.3056335449219
2021-05-06,390.3985290527344
2021-05-07,393.2397766113281
2021-05-10,389.3458251953125
2021-05-11,385.8709411621094
2021-05-12,377.6730041503906
2021-05-13,382.20989990234375
2021-05-14,388.078857421875
2021-05-17,387.0912780761719
2021-05-18,383.75628662109375
2021-05-19,382.75018310546875
2021-05-20,386.8677978515625
2021-05-21,386.5511169433594
2021-05-24,390.4915771484375
2021-05-25,389.62530517578125
2021-05-26,390.3985290527344
2021-05-27,390.6033935546875
2021-05-28,391.3021240234375
2021-06-01,390.9574279785156
2021-06-02,391.5722961425781
2021-06-03,390.1190185546875
2021-06-04,393.6869812011719
2021-06-07,393.3050231933594
2021-06-08,393.38885498046875
2021-06-09,392.802001953125
2021-06-10,394.62786865234375
2021-06-11,395.27996826171875
2021-06-14,396.1650085449219
2021-06-15,395.4383850097656
2021-06-16,393.2304992675781
2021-06-17,393.10009765625
2021-06-18,387.79693603515625
2021-06-21,393.3487243652344
2021-06-22,395.45159912109375
2021-06-23,394.9749755859375
2021-06-24,397.3115539550781
2021-06-25,398.72283935546875
2021-06-28,399.52655029296875
2021-06-29,399.7415466308594
2021-06-30,400.07806396484375
2021-07-01,402.29302978515625
2021-07-02,405.3680725097656
2021-07-06,404.6296691894531
2021-07-07,406.0596618652344
2021-07-08,402.7511291503906
2021-07-09,407.05035400390625
2021-07-12,408.50836181640625
2021-07-13,407.1158447265625
2021-07-14,407.7232971191406
2021-07-15,406.3307189941406
2021-07-16,403.1435852050781
2021-07-19,397.1899719238281
2021-07-20,402.88189697265625
2021-07-21,406.1437683105469
2021-07-22,406.9942932128906
2021-07-23,411.1815490722656
2021-07-26,412.1907958984375
2021-07-27,410.31231689453125
2021-07-28,410.14398193359375
2021-07-29,411.844970703125
2021-07-30,409.84490966796875
2021-08-02,408.9849853515625
2021-08-03,412.3123779296875
2021-08-04,410.2842102050781
2021-08-05,412.88250732421875
2021-08-06,413.564697265625
2021-08-09,413.228271484375
2021-08-10,413.74237060546875
2021-08-11,414.7703857421875
2021-08-12,416.0133972167969
2021-08-13,416.77056884765625
2021-08-16,417.75189208984375
2021-08-17,415.0133972167969
2021-08-18,410.4710693359375
2021-08-19,411.106689453125
2021-08-20,414.37786865234375
2021-08-23,418.0229797363281
2021-08-24,418.6865539550781
2021-08-25,419.5650939941406
2021-08-26,417.08837890625
2021-08-27,420.8175048828125
2021-08-30,422.6680908203125
2021-08-31,422.0418701171875
2021-09-01,422.2660827636719
2021-09-02,423.5652770996094
2021-09-03,423.4624938964844
2021-09-07,421.9483337402344
2021-09-08,421.4343566894531
2021-09-09,419.6304626464844
2021-09-10,416.3219299316406
2021-09-13,417.3872985839844
2021-09-14,415.135009765625
2021-09-15,418.6024169921875
2021-09-16,417.9388732910156
2021-09-17,413.86767578125
2021-09-20,406.9667053222656
2021-09-21,406.58233642578125
2021-09-22,410.5484924316406
2021-09-23,415.53668212890625
2021-09-24,416.2211608886719
2021-09-27,415.03033447265625
2021-09-28,406.6667175292969
2021-09-29,407.3512268066406
2021-09-30,402.3724365234375
2021-10-01,407.154296875
2021-10-04,401.90350341796875
2021-10-05,406.0853271484375
2021-10-06,407.7731018066406
2021-10-07,411.2986145019531
2021-10-08,410.5484924316406
2021-10-11,407.5762634277344
2021-10-12,406.57293701171875
2021-10-13,408.0355529785156
2021-10-14,414.8990783691406
2021-10-15,418.0588684082031
2021-10-18,419.2965393066406
2021-10-19,422.5313720703125
2021-10-20,424.19097900390625
2021-10-21,425.29730224609375
2021-10-22,424.8567199707031
2021-10-25,427.1350402832031
2021-10-26,427.51953125
2021-10-27,425.6254577636719
2021-10-28,429.7322692871094
2021-10-29,430.6042785644531
2021-11-01,431.3450012207031
2021-11-02,433.08892822265625
2021-11-03,435.733154296875
2021-11-04,437.78656005859375
2021-11-05,439.30548095703125
2021-11-08,439.6805114746094
2021-11-09,438.2271728515625
2021-11-10,434.7017517089844
2021-11-11,434.84228515625
2021-11-12,438.1239318847656
2021-11-15,438.2740173339844
2021-11-16,440.0086669921875
2021-11-17,438.9397277832031
2021-11-18,440.43060302734375
2021-11-19,439.6429443359375
2021-11-22,438.4052734375
2021-11-23,438.9866638183594
2021-11-24,440.1586608886719
2021-11-26,430.3417053222656
2021-11-29,435.62054443359375
2021-11-30,427.1444091796875
2021-12-01,422.4000549316406
2021-12-02,428.86968994140625
2021-12-03,425.137939453125
2021-12-06,430.1730041503906
2021-12-07,439.07098388671875
2021-12-08,440.233642578125
2021-12-09,437.261474609375
2021-12-10,441.3775939941406
2021-12-13,437.4676818847656
2021-12-14,434.45794677734375
2021-12-15,441.246337890625
2021-12-16,437.3551330566406
2021-12-17,432.7004089355469
2021-12-20,428.09942626953125
2021-12-21,435.7019958496094
2021-12-22,440.0584716796875
2021-12-23,442.7965087890625
2021-12-27,449.06304931640625
2021-12-28,448.69610595703125
2021-12-29,449.2701416015625
2021-12-30,448.02801513671875
2021-12-31,446.8988952636719
2022-01-03,449.4864501953125
2022-01-04,449.3359680175781
2022-01-05,440.70770263671875
2022-01-06,440.2936706542969
2022-01-07,438.55291748046875
2022-01-10,438.0072937011719
2022-01-11,441.9967346191406
2022-01-12,443.1916809082031
2022-01-13,437.085205078125
2022-01-14,437.2639465332031
2022-01-18,429.5201416015625
2022-01-19,425.0601806640625
2022-01-20,420.3555908203125
2022-01-21,412.103759765625
2022-01-24,413.8539123535156
2022-01-25,408.80108642578125
2022-01-26,407.7754821777344
2022-01-27,405.76190185546875
2022-01-28,415.8392028808594
2022-01-31,423.3288879394531
2022-02-01,426.1893615722656
2022-02-02,430.3293151855469
2022-02-03,420.2144470214844
2022-02-04,422.1904296875
2022-02-07,420.8354797363281
2022-02-08,424.2980651855469
2022-02-09,430.5081787109375
2022-02-10,422.77374267578125
2022-02-11,414.4372253417969
2022-02-14,413.0823059082031
2022-02-15,419.74407958984375
2022-02-16,420.2144470214844
2022-02-17,411.2380676269531
2022-02-18,408.5753479003906
2022-02-22,404.1906433105469
2022-02-23,397.02081298828125
2022-02-24,402.9956359863281
2022-02-25,411.8873291015625
2022-02-28,410.8334655761719
2022-03-01,404.576416015625
2022-03-02,412.0190734863281
2022-03-03,409.96795654296875
2022-03-04,406.636962890625
2022-03-07,394.64971923828125
2022-03-08,391.6575622558594
2022-03-09,402.158203125
2022-03-10,400.34228515625
2022-03-11,395.251953125
2022-03-14,392.3633117675781
2022-03-15,400.9914245605469
2022-03-16,409.88311767578125
2022-03-17,415.0111999511719
2022-03-18,419.5566711425781
2022-03-21,419.43402099609375
2022-03-22,424.34197998046875
2022-03-23,418.8771667480469
2022-03-24,425.19140625
2022-03-25,427.2677917480469
2022-03-28,430.3070983886719
2022-03-29,435.63031005859375
2022-03-30,432.9404296875
2022-03-31,426.2768249511719
2022-04-01,427.485107421875
2022-04-04,431.1470642089844
2022-04-05,425.701171875
2022-04-06,421.4444274902344
2022-04-07,423.5680847167969
2022-04-08,422.4354248046875
2022-04-11,415.215087890625
2022-04-12,413.6765441894531
2022-04-13,418.4146423339844
2022-04-14,413.2047119140625
2022-04-18,413.3745422363281
2022-04-19,420.0475158691406
2022-04-20,419.7360534667969
2022-04-21,413.45947265625
2022-04-22,402.1144714355469
2022-04-25,404.4458312988281
2022-04-26,392.73272705078125
2022-04-27,393.83697509765625
2022-04-28,403.78515625
2022-04-29,388.8629455566406
2022-05-02,391.20367431640625
2022-05-03,392.9969787597656
2022-05-04,404.9648742675781
2022-05-05,390.5712890625
2022-05-06,388.239990234375
2022-05-09,375.8096618652344
2022-05-10,376.677978515625
2022-05-11,370.69403076171875
2022-05-12,370.3070068359375
2022-05-13,379.1602478027344
2022-05-16,377.6217956542969
2022-05-17,385.3896179199219
2022-05-18,369.8540344238281
2022-05-19,367.5887756347656
2022-05-20,367.74932861328125
2022-05-23,374.6298828125
2022-05-24,371.77001953125
2022-05-25,375.0545654296875
2022-05-26,382.5487365722656
2022-05-27,391.93994140625
2022-05-31,389.74072265625
2022-06-01,386.5882873535156
2022-06-02,393.95025634765625
2022-06-03,387.4850158691406
2022-06-06,388.66473388671875
2022-06-07,392.39288330078125
2022-06-08,388.12677001953125
2022-06-09,378.8959655761719
2022-06-10,367.90960693359375
2022-06-13,353.9407958984375
2022-06-14,352.874267578125
2022-06-15,357.9049987792969
2022-06-16,346.0596923828125
2022-06-17,346.8057556152344
2022-06-21,355.5361022949219
2022-06-22,354.89154052734375
2022-06-23,358.37042236328125
2022-06-24,369.7643737792969
2022-06-27,368.3519287109375
2022-06-28,360.8254699707031
2022-06-29,360.53167724609375
2022-06-30,357.6025695800781
2022-07-01,361.3847351074219
2022-07-05,362.0672302246094
2022-07-06,363.2900695800781
2022-07-07,368.7311706542969
2022-07-08,368.42779541015625
2022-07-11,364.21905517578125
2022-07-12,360.9961242675781
2022-07-13,359.1002502441406
2022-07-14,358.2282409667969
2022-07-15,365.0721130371094
2022-07-18,362.05780029296875
2022-07-19,371.84033203125
2022-07-20,374.21014404296875
2022-07-21,378.0207214355469
2022-07-22,374.51348876953125
2022-07-25,374.968505859375
2022-07-26,370.5322265625
2022-07-27,380.153564453125
2022-07-28,384.9216003417969
2022-07-29,390.5332336425781
2022-08-01,389.3768005371094
2022-08-02,386.8080139160156
2022-08-03,392.86517333984375
2022-08-04,392.5997619628906
2022-08-05,391.93609619140625
2022-08-08,391.48114013671875
2022-08-09,389.9265441894531
2022-08-10,398.1165771484375
2022-08-11,398.1165771484375
2022-08-12,404.85638427734375
2022-08-15,406.52459716796875
2022-08-16,407.3209533691406
2022-08-17,404.42974853515625
2022-08-18,405.605224609375
2022-08-19,400.1546325683594
2022-08-22,391.82244873046875
2022-08-23,390.87451171875
2022-08-24,392.1257629394531
2022-08-25,397.6617126464844
2022-08-26,384.20123291015625
2022-08-29,381.6607360839844
2022-08-30,377.4708251953125
2022-08-31,374.5987548828125
2022-09-01,375.7742614746094
2022-09-02,371.8118896484375
2022-09-06,370.4089660644531
2022-09-07,377.06329345703125
2022-09-08,379.5279541015625
2022-09-09,385.42401123046875
2022-09-12,389.56646728515625
2022-09-13,372.62713623046875
2022-09-14,374.0489501953125
2022-09-15,369.80224609375
2022-09-16,366.9810791015625
2022-09-19,369.8269958496094
2022-09-20,365.5818786621094
2022-09-21,359.2048034667969
2022-09-22,356.18756103515625
2022-09-23,350.21966552734375
2022-09-26,346.75506591796875
2022-09-27,345.8698425292969
2022-09-28,352.67535400390625
2022-09-29,345.30841064453125
2022-09-30,339.9686279296875
2022-10-03,348.9442443847656
2022-10-04,359.7568664550781
2022-10-05,358.919189453125
2022-10-06,355.2167053222656
2022-10-07,345.30841064453125
2022-10-10,342.6717529296875
2022-10-11,340.5016174316406
2022-10-12,339.3785400390625
2022-10-13,348.3351135253906
2022-10-14,340.3970031738281
2022-10-17,349.1441345214844
2022-10-18,353.2464294433594
2022-10-19,350.7431640625
2022-10-20,347.8020324707031
2022-10-21,356.25408935546875
2022-10-24,360.6134948730469
2022-10-25,366.3719787597656
2022-10-26,363.61163330078125
2022-10-27,361.6700134277344
2022-10-28,370.27435302734375
2022-10-31,367.5998229980469
2022-11-01,365.99114990234375
2022-11-02,356.8062744140625
2022-11-03,353.1322021484375
2022-11-04,358.21490478515625
2022-11-07,361.64141845703125
2022-11-08,363.5926513671875
2022-11-09,356.1018371582031
2022-11-10,375.67108154296875
2022-11-11,379.3070983886719
2022-11-14,376.0804138183594
2022-11-15,379.2880554199219
2022-11-16,376.3945617675781
2022-11-17,375.2428283691406
2022-11-18,376.94659423828125
2022-11-21,375.5759582519531
2022-11-22,380.6300964355469
2022-11-23,383.0286865234375
2022-11-25,382.9429626464844
2022-11-28,376.8323059082031
2022-11-29,376.1851806640625
2022-11-30,388.0351867675781
2022-12-01,387.7497253417969
2022-12-02,387.30230712890625
2022-12-05,380.3350524902344
2022-12-06,374.8525390625
2022-12-07,374.21484375
2022-12-08,377.14642333984375
2022-12-09,374.3291015625
2022-12-12,379.7259216308594
2022-12-13,382.6003112792969
2022-12-14,380.1541748046875
2022-12-15,370.85504150390625
2022-12-16,366.4765930175781
2022-12-19,363.3690185546875
2022-12-20,363.86627197265625
2022-12-21,369.30694580078125
2022-12-22,364.0383605957031
2022-12-23,366.1323547363281
2022-12-27,364.6885681152344
2022-12-28,360.15625
2022-12-29,366.63916015625
2022-12-30,365.6734313964844
2023-01-03,364.13397216796875
2023-01-04,366.9451599121094
2023-01-05,362.7570495605469
2023-01-06,371.0758056640625
2023-01-09,370.86553955078125
2023-01-10,373.4662780761719
2023-01-11,378.1898498535156
2023-01-12,379.5668029785156
2023-01-13,381.039306640625
2023-01-17,380.34124755859375
2023-01-18,374.3364562988281
2023-01-19,371.6112976074219
2023-01-20,378.5340881347656
2023-01-23,383.0759582519531
2023-01-24,382.6648254394531
2023-01-25,382.8081970214844
2023-01-26,387.01544189453125
2023-01-27,387.9046936035156
2023-01-30,383.0377197265625
2023-01-31,388.6696472167969
2023-02-01,392.80035400390625
2023-02-02,398.5183410644531
2023-02-03,394.28240966796875
2023-02-06,391.8728332519531
2023-02-07,396.99798583984375
2023-02-08,392.65692138671875
2023-02-09,389.2528991699219
2023-02-10,390.1613464355469
2023-02-13,394.74139404296875
2023-02-14,394.55975341796875
2023-02-15,395.8410949707031
2023-02-16,390.3907775878906
2023-02-17,389.41546630859375
2023-02-21,381.6033935546875
2023-02-22,381.0774841308594
2023-02-23,383.1047058105469
2023-02-24,379.01214599609375
2023-02-27,380.3030700683594
2023-02-28,378.8974609375
2023-03-01,377.4440002441406
2023-03-02,380.3795471191406
2023-03-03,386.47998046875
2023-03-06,386.74774169921875
2023-03-07,380.8193359375
2023-03-08,381.4408874511719
2023-03-09,374.4033203125
2023-03-10,369.0009460449219
2023-03-13,368.47503662109375
2023-03-14,374.5658874511719
2023-03-15,372.2232666015625
2023-03-16,378.75396728515625
2023-03-17,374.3253173828125
2023-03-20,377.9247131347656
2023-03-21,382.8870849609375
2023-03-22,376.3602294921875
2023-03-23,377.3776550292969
2023-03-24,379.85400390625
2023-03-27,380.5642395019531
2023-03-28,379.71002197265625
2023-03-29,385.2290954589844
2023-03-30,387.4847106933594
2023-03-31,392.9461669921875
2023-04-03,394.4434814453125
2023-04-04,392.25506591796875
2023-04-05,391.22796630859375
2023-04-06,392.754150390625
2023-04-10,393.1572265625
2023-04-11,393.2628479003906
2023-04-12,391.659912109375
2023-04-13,396.8622131347656
2023-04-14,395.8927917480469
2023-04-17,397.3133850097656
2023-04-18,397.572509765625
2023-04-19,397.50531005859375
2023-04-20,395.336181640625
2023-04-21,395.6431884765625
2023-04-24,396.05596923828125
2023-04-25,389.7690124511719
2023-04-26,388.1181335449219
2023-04-27,395.8448486328125
2023-04-28,399.223388671875
2023-05-01,398.8203430175781
2023-05-02,394.3378601074219
2023-05-03,391.631103515625
2023-05-04,388.8572082519531
2023-05-05,396.05596923828125
2023-05-08,396.16156005859375
2023-05-09,394.42425537109375
2023-05-10,396.2671203613281
2023-05-11,395.5760498046875
2023-05-12,395.0577087402344
2023-05-15,396.4207458496094
2023-05-16,393.7715759277344
2023-05-17,398.5515441894531
2023-05-18,402.390869140625
2023-05-19,401.805419921875
2023-05-22,401.96856689453125
2023-05-23,397.45733642578125
2023-05-24,394.57781982421875
2023-05-25,397.99481201171875
2023-05-26,403.1491394042969
2023-05-30,403.30267333984375
2023-05-31,401.0662841796875
2023-06-01,404.8768310546875
2023-06-02,410.73187255859375
2023-06-05,409.9447326660156
2023-06-06,410.83740234375
2023-06-07,409.4168701171875
2023-06-08,411.89324951171875
2023-06-09,412.6323547363281
2023-06-12,416.37567138671875
2023-06-13,419.12078857421875
2023-06-14,419.619873046875
2023-06-15,424.8221740722656
2023-06-16,423.37518310546875
2023-06-20,421.1785583496094
2023-06-21,419.0205993652344
2023-06-22,420.53314208984375
2023-06-23,417.3539123535156
2023-06-26,415.64874267578125
2023-06-27,420.2055358886719
2023-06-28,420.4175109863281
2023-06-29,422.0744934082031
2023-06-30,427.0553283691406
2023-07-03,427.5466613769531
2023-07-05,426.9108581542969
2023-07-06,423.56787109375
2023-07-07,422.4984130859375
2023-07-10,423.56787109375
2023-07-11,426.2653503417969
2023-07-12,429.6950378417969
2023-07-13,433.1054382324219
2023-07-14,432.83575439453125
2023-07-17,434.3386535644531
2023-07-18,437.5660400390625
2023-07-19,438.5390930175781
2023-07-20,435.62957763671875
2023-07-21,435.62957763671875
2023-07-24,437.5756530761719
2023-07-25,438.77020263671875
2023-07-26,438.83770751953125
2023-07-27,435.9282531738281
2023-07-28,440.19610595703125
2023-07-31,441.0342712402344
2023-08-01,439.7721862792969
2023-08-02,433.6546630859375
2023-08-03,432.41180419921875
2023-08-04,430.4561462402344
2023-08-07,434.21343994140625
2023-08-08,432.3251647949219
2023-08-09,429.4349060058594
2023-08-10,429.5890808105469
2023-08-11,429.3385925292969
2023-08-14,431.7085266113281
2023-08-15,426.6795959472656
2023-08-16,423.5486145019531
2023-08-17,420.3211975097656
2023-08-18,420.52349853515625
2023-08-21,423.2595520019531
2023-08-22,422.1130676269531
2023-08-23,426.8144836425781
2023-08-24,420.89923095703125
2023-08-25,423.8664855957031
2023-08-28,426.55438232421875
2023-08-29,432.72015380859375
2023-08-30,434.5024108886719
2023-08-31,433.8665771484375
2023-09-01,434.6757507324219
2023-09-05,432.7972106933594
2023-09-06,429.8876953125
2023-09-07,428.56787109375
2023-09-08,429.21331787109375
2023-09-11,432.0361022949219
2023-09-12,429.6661682128906
2023-09-13,430.1670837402344
2023-09-14,433.87615966796875
2023-09-15,428.64874267578125
2023-09-18,428.90008544921875
2023-09-19,428.0106201171875
2023-09-20,424.0758056640625
2023-09-21,417.06646728515625
2023-09-22,416.12872314453125
2023-09-25,417.87860107421875
2023-09-26,411.7394104003906
2023-09-27,411.9037780761719
2023-09-28,414.2917785644531
2023-09-29,413.286376953125
2023-10-02,413.1219482421875
2023-10-03,407.59185791015625
2023-10-04,410.5599365234375
2023-10-05,410.4053039550781
2023-10-06,415.2779541015625
2023-10-09,417.9366149902344
2023-10-10,420.1119079589844
2023-10-11,421.8327941894531
2023-10-12,419.26104736328125
2023-10-13,417.1728210449219
2023-10-16,421.56207275390625
2023-10-17,421.542724609375
2023-10-18,415.9256591796875
2023-10-19,412.27117919921875
2023-10-20,407.2051696777344
2023-10-23,406.4993896484375
2023-10-24,409.56414794921875
2023-10-25,403.68603515625
2023-10-26,398.85205078125
2023-10-27,397.044189453125
2023-10-30,401.79107666015625
2023-10-31,404.314453125
2023-11-01,408.6263427734375
2023-11-02,416.45745849609375
2023-11-03,420.2569274902344
2023-11-06,421.22369384765625
2023-11-07,422.4225158691406
2023-11-08,422.7319030761719
2023-11-09,419.43511962890625
2023-11-10,425.9803466796875
2023-11-13,425.5742492675781
2023-11-14,433.8307189941406
2023-11-15,434.7491760253906
2023-11-16,435.2809753417969
2023-11-17,435.8223876953125
2023-11-20,439.1771545410156
2023-11-21,438.219970703125
2023-11-22,439.91192626953125
2023-11-24,440.1825866699219
2023-11-27,439.3898620605469
2023-11-28,439.8248596191406
2023-11-29,439.5154724121094
2023-11-30,441.2460632324219
2023-12-01,443.85638427734375
2023-12-04,441.52642822265625
2023-12-05,441.439453125
2023-12-06,439.6605224609375
2023-12-07,443.01531982421875
2023-12-08,444.919921875
2023-12-11,446.65045166015625
2023-12-12,448.6903991699219
2023-12-13,454.8778381347656
2023-12-14,456.3377990722656
2023-12-15,455.58642578125
2023-12-18,458.14910888671875
2023-12-19,460.9350891113281
2023-12-20,454.54779052734375
2023-12-21,458.8577575683594
2023-12-22,459.7799072265625
2023-12-26,461.7214050292969
2023-12-27,462.5562438964844
2023-12-28,462.7309265136719
2023-12-29,461.39129638671875
2024-01-02,458.8092041015625
2024-01-03,455.0622253417969
2024-01-04,453.5964660644531
2024-01-05,454.21771240234375
2024-01-08,460.7021484375
2024-01-09,460.00323486328125
2024-01-10,462.6047058105469
2024-01-11,462.40087890625
2024-01-12,462.72119140625
2024-01-16,461.02239990234375
2024-01-17,458.45977783203125
2024-01-18,462.53680419921875
2024-01-19,468.3028259277344
2024-01-22,469.2929992675781
2024-01-23,470.66162109375
2024-01-24,471.17620849609375
2024-01-25,473.73883056640625
2024-01-26,473.1369934082031
2024-01-29,476.8839416503906
2024-01-30,476.5151062011719
2024-01-31,468.73968505859375
2024-02-01,474.87457275390625
2024-02-02,479.873779296875
2024-02-05,478.1264953613281
2024-02-06,479.5146179199219
2024-02-07,483.5139465332031
2024-02-08,483.7275085449219
2024-02-09,486.52313232421875
2024-02-12,486.30963134765625
2024-02-13,479.6116943359375
2024-02-14,483.9702453613281
2024-02-15,487.30950927734375
2024-02-16,484.8826599121094
2024-02-20,482.2131652832031
2024-02-21,482.6499938964844
2024-02-22,492.63873291015625
2024-02-23,492.9784851074219
2024-02-26,491.1729431152344
2024-02-27,492.0853271484375
2024-02-28,491.4350280761719
2024-02-29,493.20166015625
2024-03-01,497.8320007324219
2024-03-04,497.29815673828125
2024-03-05,492.32806396484375
2024-03-06,494.8227844238281
2024-03-07,499.7346496582031
2024-03-08,496.7350769042969
2024-03-11,496.3080139160156
2024-03-12,501.64697265625
2024-03-13,500.860595703125
2024-03-14,499.8704833984375
2024-03-15,496.4381408691406
2024-03-18,499.3885498046875
2024-03-19,502.1636657714844
2024-03-20,506.808349609375
2024-03-21,508.4831848144531
2024-03-22,507.5193176269531
2024-03-25,506.11700439453125
2024-03-26,505.1822204589844
2024-03-27,509.4277038574219
2024-03-28,509.3303527832031
2024-04-01,508.4441833496094
2024-04-02,505.2115478515625
2024-04-03,505.76654052734375
2024-04-04,499.5930480957031
2024-04-05,504.8121643066406
2024-04-08,505.0945739746094
2024-04-09,505.67889404296875
2024-04-10,500.6154479980469
2024-04-11,504.3935241699219
2024-04-12,497.4313659667969
2024-04-15,491.199462890625
2024-04-16,490.3036193847656
2024-04-17,487.40185546875
2024-04-18,486.39892578125
2024-04-19,482.1534423828125
2024-04-22,486.5937194824219
2024-04-23,492.367919921875
2024-04-24,492.13421630859375
2024-04-25,490.2646789550781
2024-04-26,494.9093933105469
2024-04-29,496.6620788574219
2024-04-30,488.7943420410156
2024-05-01,487.2071838378906
2024-05-02,491.7642517089844
2024-05-03,497.85980224609375
2024-05-06,503.0010681152344
2024-05-07,503.55615234375
2024-05-08,503.604736328125
2024-05-09,506.5065002441406
2024-05-10,507.1588439941406
2024-05-13,507.2269592285156
2024-05-14,509.5543212890625
2024-05-15,515.8641357421875
2024-05-16,514.802734375
2024-05-17,515.542724609375
2024-05-20,516.1367797851562
2024-05-21,517.4026489257812
2024-05-22,515.9127807617188
2024-05-23,512.1444702148438
2024-05-24,515.5330810546875
2024-05-28,515.893310546875
2024-05-29,512.28076171875
2024-05-30,508.88238525390625
2024-05-31,513.5173950195312
2024-06-03,513.9360961914062
2024-06-04,514.5105590820312
2024-06-05,520.6256713867188
2024-06-06,520.6159057617188
2024-06-07,519.9829711914062
2024-06-10,521.5896606445312
2024-06-11,522.845703125
2024-06-12,527.1398315429688
2024-06-13,528.2013549804688
2024-06-14,528.5226440429688
2024-06-17,532.729248046875
2024-06-18,534.0827026367188
2024-06-20,532.6317138671875
2024-06-21,531.917724609375
2024-06-24,530.1885986328125
2024-06-25,532.230224609375
2024-06-26,532.8946533203125
2024-06-27,533.7347412109375
2024-06-28,531.6343383789062
2024-07-01,532.7285766601562
2024-07-02,536.3135986328125
2024-07-03,538.7069702148438
2024-07-05,541.8134155273438
2024-07-08,542.4385986328125
2024-07-09,542.9661865234375
2024-07-10,548.3389892578125
2024-07-11,543.6109008789062
2024-07-12,547.0396728515625
2024-07-15,548.5440063476562
2024-07-16,551.7970581054688
2024-07-17,544.0601806640625
2024-07-18,539.8792114257812
2024-07-19,536.2940063476562
2024-07-22,541.8232421875
2024-07-23,540.973388671875
2024-07-24,528.7135620117188
2024-07-25,525.9588012695312
2024-07-26,531.849365234375
2024-07-29,532.161865234375
2024-07-30,529.4656372070312
2024-07-31,538.0719604492188
2024-08-01,530.452392578125
2024-08-02,520.5762329101562
2024-08-05,505.41510009765625
2024-08-06,510.07476806640625
2024-08-07,506.66546630859375
2024-08-08,518.378173828125
2024-08-09,520.6641235351562
2024-08-12,520.9376220703125
2024-08-13,529.5046997070312
2024-08-14,531.1752319335938
2024-08-15,540.2797241210938
2024-08-16,541.4910278320312
2024-08-19,546.66845703125
2024-08-20,545.7794799804688
2024-08-21,547.6551513671875
2024-08-22,543.3568725585938
2024-08-23,549.1302490234375
2024-08-26,547.8211669921875
2024-08-27,548.5733642578125
2024-08-28,545.3888549804688
2024-08-29,545.4375610351562
2024-08-30,550.6443481445312
2024-09-03,539.3126831054688
2024-09-04,538.2088623046875
2024-09-05,536.8997802734375
2024-09-06,527.8636474609375
2024-09-09,533.7737426757812
2024-09-10,536.0986328125
2024-09-11,541.5985107421875
2024-09-12,546.1605224609375
2024-09-13,549.012939453125
2024-09-16,549.8238525390625
2024-09-17,550.0484619140625
2024-09-18,548.4171752929688
2024-09-19,557.7755126953125
2024-09-20,556.8113403320312
2024-09-23,558.2028198242188
2024-09-24,559.7999267578125
2024-09-25,558.5653076171875
2024-09-26,560.77978515625
2024-09-27,559.9664916992188
2024-09-30,562.2103881835938
2024-10-01,557.1738891601562
2024-10-02,557.4091186523438
2024-10-03,556.389892578125
2024-10-04,561.4461669921875
2024-10-07,556.3703002929688
2024-10-08,561.6323852539062
2024-10-09,565.5224609375
2024-10-10,564.5327758789062
2024-10-11,567.9132690429688
2024-10-14,572.5578002929688
2024-10-15,568.1092529296875
2024-10-16,570.5785522460938
2024-10-17,570.62744140625
2024-10-18,572.8223876953125
2024-10-21,571.8817749023438
2024-10-22,571.5780029296875
2024-10-23,566.355224609375
2024-10-24,567.5801391601562
2024-10-25,567.3841552734375
2024-10-28,569.13818359375
2024-10-29,570.0592041015625
2024-10-30,568.3345947265625
2024-10-31,557.1934814453125
2024-11-01,559.5451049804688
2024-11-04,558.3399658203125
2024-11-05,565.09130859375
2024-11-06,579.1426391601562
2024-11-07,583.62060546875
2024-11-08,586.148681640625
2024-11-11,586.7072143554688
2024-11-12,584.8845825195312
2024-11-13,585.1688232421875
2024-11-14,581.4060668945312
2024-11-15,573.9591674804688
2024-11-18,576.3108520507812
2024-11-19,578.4175415039062
2024-11-20,578.613525390625
2024-11-21,581.7196655273438
2024-11-22,583.5226440429688
2024-11-25,585.5020141601562
2024-11-26,588.5591430664062
2024-11-27,586.7758178710938
2024-11-29,590.4208984375
2024-12-02,591.4791259765625
2024-12-03,591.7535400390625
2024-12-04,595.4280395507812
2024-12-05,594.4480590820312
2024-12-06,595.5750122070312
2024-12-09,592.5079956054688
2024-12-10,590.6658935546875
2024-12-11,595.2320556640625
2024-12-12,592.1651000976562
2024-12-13,592.0474853515625
2024-12-16,594.5756225585938
2024-12-17,592.1258544921875
2024-12-18,574.4783935546875
2024-12-19,574.3020629882812
2024-12-20,581.199951171875
2024-12-23,584.6802978515625
2024-12-24,591.1790771484375
2024-12-26,591.2183837890625
2024-12-27,584.9949951171875
2024-12-30,578.3192749023438
2024-12-31,576.2152709960938
2025-01-02,574.799560546875
2025-01-03,581.9865112304688
2025-01-06,585.3390502929688
2025-01-07,578.7223510742188
2025-01-08,579.56787109375
2025-01-10,570.7192993164062
2025-01-13,571.604248046875
2025-01-14,572.3906860351562
2025-01-15,582.8025512695312
2025-01-16,581.6817626953125
2025-01-17,587.521728515625
2025-01-21,592.899658203125
2025-01-22,596.2326049804688
2025-01-23,599.4868774414062
2025-01-24,597.73681640625
2025-01-27,589.2816162109375
2025-01-28,594.3448486328125
2025-01-29,591.6803588867188
2025-01-30,594.8560791015625
2025-01-31,591.6903686523438
2025-02-03,587.70849609375
2025-02-04,591.651123046875
2025-02-05,594.0499267578125
2025-02-06,596.1146240234375
2025-02-07,590.6580200195312
2025-02-10,594.6692504882812
2025-02-11,595.12158203125
2025-02-12,593.2044067382812
2025-02-13,599.4672241210938
2025-02-14,599.4376831054688
2025-02-18,601.1975708007812
2025-02-19,602.6133422851562
2025-02-20,600.1063232421875
2025-02-21,589.842041015625
2025-02-24,587.157958984375
2025-02-25,584.2378540039062
2025-02-26,584.5328979492188
2025-02-27,575.20263671875
2025-02-28,584.178955078125
2025-03-03,573.944091796875
2025-03-04,567.1504516601562
2025-03-05,573.24609375
2025-03-06,563.0703125
2025-03-07,566.2262573242188
2025-03-10,551.1444702148438
2025-03-11,546.5628051757812
2025-03-12,549.4632568359375
2025-03-13,542.138671875
2025-03-14,553.3369750976562
2025-03-17,557.6039428710938
2025-03-18,551.5770874023438
2025-03-19,557.5841674804688
2025-03-20,555.9718627929688
2025-03-21,556.1552734375
2025-03-24,566.1151733398438
2025-03-25,567.4760131835938
2025-03-26,560.7012939453125
2025-03-27,559.2122802734375
2025-03-28,547.9506225585938
2025-03-31,551.6289672851562
2025-04-01,553.1870727539062
2025-04-02,556.687744140625
2025-04-03,529.2538452148438
2025-04-04,498.2696838378906
2025-04-07,497.3821716308594
2025-04-08,489.591796875
2025-04-09,541.0084228515625
2025-04-10,517.3019409179688
2025-04-11,526.5320434570312
2025-04-14,531.6401977539062
2025-04-15,530.1510620117188
2025-04-16,518.366943359375
2025-04-17,519.1065063476562
2025-04-21,506.7503662109375
2025-04-22,519.9348754882812
2025-04-23,527.991455078125
2025-04-24,539.1051635742188
2025-04-25,543.0003662109375
2025-04-28,543.2073974609375
2025-04-29,546.6292724609375
2025-04-30,546.8462524414062
2025-05-01,550.7216796875
2025-05-02,558.896728515625
2025-05-05,555.6918334960938
2025-05-06,551.0470581054688
2025-05-07,553.3645629882812
2025-05-08,557.2203369140625
2025-05-09,556.51025390625
2025-05-12,574.9015502929688
2025-05-13,578.6981811523438
2025-05-14,579.4376831054688
2025-05-15,582.267822265625
2025-05-16,585.9559936523438
2025-05-19,586.596923828125
2025-05-20,584.6246948242188
2025-05-21,574.7733154296875
2025-05-22,575.0001831054688
2025-05-23,571.0753173828125
2025-05-27,582.9483032226562
2025-05-28,579.5757446289062
2025-05-29,581.8636474609375
2025-05-30,581.2127685546875
2025-06-02,584.4866943359375
2025-06-03,587.8197631835938
2025-06-04,587.6619873046875
2025-06-05,584.8218994140625
2025-06-06,590.8274536132812
2025-06-09,591.3599853515625
2025-06-10,594.7127685546875
2025-06-11,593.0166625976562
2025-06-12,595.3734741210938
2025-06-13,588.7171020507812
2025-06-16,594.318359375
2025-06-17,589.2399291992188
2025-06-18,589.1510009765625
2025-06-20,587.7673950195312
2025-06-23,593.5730590820312
2025-06-24,600.1304321289062
2025-06-25,600.4666137695312
2025-06-26,605.1646118164062
2025-06-27,608.1712036132812
2025-06-30,611.0790405273438
2025-07-01,610.8812866210938
2025-07-02,613.650634765625
2025-07-03,618.4869995117188
2025-07-07,613.8779907226562
2025-07-08,613.5418090820312
2025-07-09,617.2210083007812
2025-07-10,618.9617919921875
2025-07-11,616.7858276367188
2025-07-14,617.9627685546875
2025-07-15,615.3220825195312
2025-07-16,617.3792114257812
2025-07-17,621.1573486328125
2025-07-18,620.7025146484375
2025-07-21,621.87939453125
2025-07-22,621.9684448242188
2025-07-23,627.259765625
2025-07-24,627.4674682617188
2025-07-25,630.1181030273438
2025-07-28,629.9598999023438
2025-07-29,628.2982788085938
2025-07-30,627.507080078125
2025-07-31,625.1531982421875
2025-08-01,614.9066162109375
2025-08-04,624.2530517578125
2025-08-05,621.0880737304688
2025-08-06,625.8455200195312
2025-08-07,625.3212280273438
2025-08-08,630.1972045898438
2025-08-11,628.9510498046875
2025-08-12,635.6468505859375
2025-08-13,637.8228149414062
2025-08-14,637.882080078125
2025-08-15,636.388671875
2025-08-18,636.2501220703125
2025-08-19,632.7984008789062
2025-08-20,631.1170043945312
2025-08-21,628.5851440429688
2025-08-22,638.2381591796875
2025-08-25,635.4292602539062
2025-08-26,638.0897827148438
2025-08-27,639.5436401367188
2025-08-28,641.8085327148438
2025-08-29,637.9810180664062
2025-09-02,633.2533569335938
2025-09-03,636.6853637695312
2025-09-04,642.00634765625
2025-09-05,640.1470336914062
2025-09-08,641.7195434570312
2025-09-09,643.2031860351562
2025-09-10,645.0625610351562
2025-09-11,650.423095703125
2025-09-12,650.20556640625
2025-09-15,653.6671752929688
2025-09-16,652.7671508789062
2025-09-17,651.9561157226562
2025-09-18,655.0023803710938
2025-09-19,658.2465209960938
2025-09-22,661.3607177734375
2025-09-23,657.7605590820312
2025-09-24,655.6677856445312
2025-09-25,652.6429443359375
2025-09-26,656.3819580078125
2025-09-29,658.2266845703125
2025-09-30,660.7061157226562
2025-10-01,662.9574584960938
2025-10-02,663.7210693359375
2025-10-03,663.7112426757812
2025-10-06,666.0914916992188
2025-10-07,663.6219482421875
2025-10-08,667.5791625976562
2025-10-09,665.6452026367188
2025-10-10,647.6542358398438
2025-10-13,657.5919189453125
2025-10-14,656.78857421875
2025-10-15,659.7044067382812
2025-10-16,655.2117309570312
2025-10-17,658.9308471679688
2025-10-20,665.7840576171875
2025-10-21,665.7741088867188
2025-10-22,662.3128051757812
2025-10-23,666.2402954101562
2025-10-24,671.6851806640625
2025-10-27,679.6094970703125
2025-10-28,681.4144897460938
2025-10-29,681.7418823242188
2025-10-30,674.2440185546875
2025-10-31,676.4556274414062
2025-11-03,677.7251586914062
2025-11-04,669.6917114257812
2025-11-05,672.012451171875
2025-11-06,664.8021850585938
2025-11-07,665.4567260742188
2025-11-10,675.8407592773438
2025-11-11,677.3878784179688
2025-11-12,677.7647705078125
2025-11-13,666.5180053710938
2025-11-14,666.4088745117188
2025-11-17,660.2002563476562
2025-11-18,654.6561889648438
2025-11-19,657.185302734375
2025-11-20,647.1683349609375
2025-11-21,653.6148681640625
2025-11-24,663.2351684570312
2025-11-25,669.4734497070312
2025-11-26,674.09521484375
2025-11-28,677.7747192382812
2025-12-01,674.6802978515625
2025-12-02,675.9300537109375
2025-12-03,678.2706298828125
2025-12-04,678.7665405273438
2025-12-05,680.0557861328125
2025-12-08,678.0127563476562
2025-12-09,677.4276123046875
2025-12-10,681.92041015625
2025-12-11,683.5072631835938
2025-12-12,676.1581420898438
2025-12-15,675.1365356445312
2025-12-16,673.2918701171875
2025-12-17,665.8832397460938
2025-12-18,670.9114990234375
2025-12-19,676.9923095703125
2025-12-22,681.2098388671875
2025-12-23,684.3233032226562
2025-12-24,686.7305297851562
2025-12-26,686.660888671875
2025-12-29,684.2138671875
2025-12-30,683.3782958984375
2025-12-31,678.3152465820312
2026-01-02,679.55859375
2026-01-05,684.0845947265625
2026-01-06,688.1529541015625
2026-01-07,685.9347534179688
2026-01-08,685.8651123046875
2026-01-09,690.4010009765625
2026-01-12,691.4852294921875
2026-01-13,690.1026000976562
2026-01-14,686.7105712890625
2026-01-15,688.5806884765625
2026-01-16,688.0037231445312
2026-01-20,673.9981689453125
2026-01-21,681.77685546875
2026-01-22,685.3379516601562
2026-01-23,685.5865478515625
2026-01-26,689.068115234375
2026-01-27,691.8134765625
2026-01-28,691.7438354492188
2026-01-29,690.3711547851562
2026-01-30,688.3121337890625
